test_1_sub_score_54498,test_1_sub_score_54499,test_1_sub_score_54500,test_1_correct_q_54498,test_1_correct_q_54499,test_1_correct_q_54500,test_1_incorrect_q_54498,test_1_incorrect_q_54499,test_1_incorrect_q_54500,test_1_mode,test_1_test_start_time,test_2_sub_score_54498,test_2_sub_score_54499,test_2_sub_score_54500,test_2_correct_q_54498,test_2_correct_q_54499,test_2_correct_q_54500,test_2_incorrect_q_54498,test_2_incorrect_q_54499,test_2_incorrect_q_54500,test_2_mode,test_2_test_start_time,test_3_sub_score_54498,test_3_sub_score_54499,test_3_sub_score_54500,test_3_correct_q_54498,test_3_correct_q_54499,test_3_correct_q_54500,test_3_incorrect_q_54498,test_3_incorrect_q_54499,test_3_incorrect_q_54500,test_3_mode,test_3_test_start_time,test_4_sub_score_54498,test_4_sub_score_54499,test_4_sub_score_54500,test_4_correct_q_54498,test_4_correct_q_54499,test_4_correct_q_54500,test_4_incorrect_q_54498,test_4_incorrect_q_54499,test_4_incorrect_q_54500,test_4_mode,test_4_test_start_time,test_5_sub_score_54498,test_5_sub_score_54499,test_5_sub_score_54500,test_5_correct_q_54498,test_5_correct_q_54499,test_5_correct_q_54500,test_5_incorrect_q_54498,test_5_incorrect_q_54499,test_5_incorrect_q_54500,test_5_mode,test_5_test_start_time,test_6_sub_score_54498,test_6_sub_score_54500,test_6_sub_score_54499,test_6_correct_q_54498,test_6_correct_q_54500,test_6_correct_q_54499,test_6_incorrect_q_54498,test_6_incorrect_q_54500,test_6_incorrect_q_54499,test_6_mode,test_6_test_start_time,test_7_sub_score_54498,test_7_sub_score_54499,test_7_sub_score_54500,test_7_correct_q_54498,test_7_correct_q_54499,test_7_correct_q_54500,test_7_incorrect_q_54498,test_7_incorrect_q_54499,test_7_incorrect_q_54500,test_7_mode,test_7_test_start_time,test_8_sub_score_54498,test_8_sub_score_54499,test_8_sub_score_54500,test_8_correct_q_54498,test_8_correct_q_54499,test_8_correct_q_54500,test_8_incorrect_q_54498,test_8_incorrect_q_54499,test_8_incorrect_q_54500,test_8_mode,test_8_test_start_time,test_9_sub_score_54498,test_9_sub_score_54499,test_9_sub_score_54500,test_9_correct_q_54498,test_9_correct_q_54499,test_9_correct_q_54500,test_9_incorrect_q_54498,test_9_incorrect_q_54499,test_9_incorrect_q_54500,test_9_mode,test_9_test_start_time,test_10_sub_score_54500,test_10_sub_score_54498,test_10_sub_score_54499,test_10_correct_q_54500,test_10_correct_q_54498,test_10_correct_q_54499,test_10_incorrect_q_54500,test_10_incorrect_q_54498,test_10_incorrect_q_54499,test_10_mode,test_10_test_start_time,test_10_total
?,?,?,?,?,?,?,?,?,?,?,15,27,5,5,9,3,0,0,4,1,18:42,9,3,12,5,1,5,6,0,3,1,22:02,?,?,?,?,?,?,?,?,?,?,?,?,?,?,?,?,?,?,?,?,?,?,18,26,7,7,9,3,3,1,2,1,22:20,?,?,?,?,?,?,?,?,?,?,?,26,17,0,9,6,2,1,1,6,1,08:39,7,15,18,4,7,7,5,6,3,1,22:47,8,14,26,4,6,9,4,4,1,1,19:56,48
56,7,1,20,3,1,4,2,2,1,23:20,?,?,?,?,?,?,?,?,?,?,?,?,?,?,?,?,?,?,?,?,?,?,?,?,?,?,?,?,?,?,?,?,?,?,?,?,?,?,?,?,?,?,?,?,27,5,0,10,2,0,3,1,0,1,14:23,?,?,?,?,?,?,?,?,?,?,?,18,0,12,7,0,5,3,0,3,1,21:33,25,6,16,9,3,6,2,3,2,1,22:39,3,23,17,2,9,6,3,4,1,1,22:15,43
36,1,5,13,1,2,3,2,1,1,14:19,?,?,?,?,?,?,?,?,?,?,?,?,?,?,?,?,?,?,?,?,?,?,?,?,?,?,?,?,?,?,?,?,?,?,?,?,?,?,?,?,?,?,?,?,23,10,3,12,5,2,13,5,3,1,21:03,21,8,2,8,3,1,3,1,1,1,22:42,?,?,?,?,?,?,?,?,?,?,?,15,11,5,6,4,3,3,1,4,1,18:54,9,39,15,4,13,5,3,0,0,1,16:49,63
?,?,?,?,?,?,?,?,?,?,?,?,?,?,?,?,?,?,?,?,?,?,39,6,6,15,4,4,6,6,6,1,21:02,35,-1,10,13,1,5,4,4,5,1,22:11,?,?,?,?,?,?,?,?,?,?,?,39,14,3,15,6,1,6,4,0,1,12:04,59,22,7,21,8,3,4,2,2,1,18:47,?,?,?,?,?,?,?,?,?,?,?,21,37,18,9,13,7,6,2,3,1,19:35,22,36,22,8,14,8,2,6,2,1,22:15,80
14,-2,2,11,2,3,19,8,7,2,22:48,14,-1,0,9,0,0,13,1,0,2,23:52,35,0,0,14,0,0,7,0,0,2,10:55,12,-2,0,7,0,0,9,2,0,2,12:16,18,3,0,7,1,0,3,0,0,2,07:28,9,0,0,4,0,0,3,0,0,2,14:01,0,0,0,0,0,0,0,0,0,2,20:11,10,1,3,5,1,1,5,2,0,2,16:35,-5,5,3,1,2,1,8,1,0,2,06:02,14,16,15,5,6,5,1,2,0,2,07:37,45
16,2,19,6,1,7,2,1,2,1,15:29,?,?,?,?,?,?,?,?,?,?,?,?,?,?,?,?,?,?,?,?,?,?,15,0,16,6,0,6,3,0,2,1,20:40,?,?,?,?,?,?,?,?,?,?,?,21,13,0,8,5,0,3,2,0,1,16:15,27,15,12,10,5,4,3,0,0,1,12:18,25,7,21,10,3,7,5,2,0,1,14:01,?,?,?,?,?,?,?,?,?,?,?,19,43,27,7,15,9,2,2,0,1,21:47,89
21,1,5,8,1,2,3,2,1,2,18:41,0,8,-3,1,3,1,3,1,6,2,23:21,?,?,?,?,?,?,?,?,?,2,12:56,?,?,?,?,?,?,?,?,?,?,?,?,?,?,?,?,?,?,?,?,?,?,?,?,?,?,?,?,?,?,?,2,15:33,5,12,5,2,4,2,1,0,1,2,19:52,5,-1,6,2,0,3,1,1,3,2,10:21,4,15,11,2,5,4,2,0,1,2,10:30,12,18,23,5,7,8,3,3,1,2,10:18,53
41,7,2,16,4,2,7,5,4,1,21:05,23,9,11,11,4,4,10,3,1,1,23:20,46,2,3,17,2,2,5,4,3,1,22:47,36,5,13,13,2,5,3,1,2,1,13:10,41,10,10,15,4,4,4,2,2,1,10:05,38,4,3,15,3,2,7,5,3,1,10:40,45,23,12,16,8,4,3,1,0,1,09:14,37,26,12,14,9,5,5,1,3,1,11:28,26,33,16,10,12,6,4,3,2,1,13:25,18,31,16,7,12,6,3,5,2,1,17:54,65
9,-4,10,6,0,4,9,4,2,1,11:29,?,?,?,?,?,?,?,?,?,?,?,12,4,-3,6,2,0,6,2,3,1,15:39,?,?,?,?,?,?,?,?,?,?,?,19,8,9,8,4,3,5,4,0,1,17:59,?,?,?,?,?,?,?,?,?,?,?,?,?,?,?,?,?,?,?,?,?,?,?,?,?,?,?,?,?,?,?,?,?,?,?,?,?,?,?,?,?,?,?,?,8,27,16,4,10,6,4,3,2,1,22:03,51
45,5,5,16,2,2,3,1,1,2,23:25,?,?,?,?,?,?,?,?,?,?,?,?,?,?,?,?,?,?,?,?,?,?,?,?,?,?,?,?,?,?,?,?,?,?,?,?,?,?,?,?,?,?,?,?,?,?,?,?,?,?,?,?,?,?,?,28,27,12,10,9,4,2,0,0,1,19:57,12,0,24,6,0,8,6,0,0,1,18:23,25,19,17,9,7,6,2,2,1,1,11:00,22,17,27,8,7,9,2,4,0,1,22:41,66
?,?,?,?,?,?,?,?,?,?,?,?,?,?,?,?,?,?,?,?,?,?,?,?,?,?,?,?,?,?,?,?,?,?,?,?,?,?,?,?,?,?,?,?,48,10,11,18,4,5,6,2,4,1,00:03,48,22,15,18,8,5,6,2,0,1,23:29,42,6,3,16,4,2,6,6,3,1,03:50,24,18,14,10,7,6,6,3,4,1,03:33,25,41,14,10,14,6,5,1,4,1,15:11,0,3,0,0,1,0,0,0,0,1,00:32,3
?,?,?,?,?,?,?,?,?,2,23:41,?,?,?,?,?,?,?,?,?,?,?,?,?,?,?,?,?,?,?,?,?,?,17,5,2,7,2,2,4,1,4,1,11:33,17,0,2,8,0,2,7,0,4,2,23:03,17,3,3,9,3,2,10,6,3,1,22:39,20,11,6,9,5,2,7,4,0,1,23:37,?,?,?,?,?,?,?,?,?,?,?,?,?,?,?,?,?,?,?,?,?,?,14,20,11,5,8,4,1,4,1,1,20:03,45
8,0,3,3,0,1,1,0,0,1,20:33,15,0,0,6,0,0,3,0,0,1,21:04,9,0,-10,6,1,0,9,3,10,1,18:38,19,-2,7,8,0,3,5,2,2,1,16:49,37,18,9,13,6,4,2,0,3,1,09:27,8,0,1,4,0,1,4,0,2,1,16:08,4,2,7,7,3,3,17,7,2,1,13:52,12,2,10,5,1,5,3,1,5,1,16:49,11,5,-1,5,3,1,4,4,4,1,15:03,9,24,13,4,9,5,3,3,2,1,19:23,46
?,?,?,?,?,?,?,?,?,?,?,?,?,?,?,?,?,?,?,?,?,?,?,?,?,?,?,?,?,?,?,?,?,?,?,?,?,?,?,?,?,?,?,?,?,?,?,?,?,?,?,?,?,?,?,?,?,?,?,?,?,?,?,?,?,?,43,0,-1,17,0,0,8,0,1,1,11:02,6,0,14,4,0,6,6,0,4,1,21:26,14,12,11,6,4,5,4,0,4,1,21:06,10,14,7,5,5,3,5,1,2,1,09:28,31
?,?,?,?,?,?,?,?,?,?,?,?,?,?,?,?,?,?,?,?,?,?,?,?,?,?,?,?,?,?,?,?,?,?,?,?,?,?,?,?,?,?,?,?,?,?,?,?,?,?,?,?,?,?,?,35,10,2,13,4,1,4,2,1,1,23:07,?,?,?,?,?,?,?,?,?,?,?,22,24,14,8,8,5,2,0,1,1,22:33,25,29,8,9,10,3,2,1,1,1,14:25,14,47,27,5,16,9,1,1,0,1,14:30,88
0,0,3,0,0,1,0,0,0,1,14:48,?,?,?,?,?,?,?,?,?,?,?,?,?,?,?,?,?,?,?,?,?,?,?,?,?,?,?,?,?,?,?,?,?,?,?,?,?,?,?,?,?,?,?,?,?,?,?,?,?,?,?,?,?,?,?,44,26,11,16,9,4,4,1,1,1,13:47,39,12,18,13,4,7,0,0,3,1,15:32,32,29,23,11,10,8,1,1,1,1,13:16,18,48,26,7,16,9,3,0,1,1,18:39,92
18,-2,4,8,1,2,6,5,2,2,19:56,-1,16,17,1,6,6,4,2,1,1,19:31,4,5,9,3,3,4,5,4,3,1,21:02,22,-4,20,8,0,7,2,4,1,1,21:17,26,22,10,10,8,4,4,2,2,1,21:13,17,3,0,6,3,1,1,6,3,1,21:14,?,?,?,?,?,?,?,?,?,?,?,?,?,?,?,?,?,?,?,?,?,?,28,23,13,10,9,5,2,4,2,1,22:50,20,29,7,7,10,3,1,1,2,1,22:10,56
22,13,13,11,5,5,11,2,2,2,23:00,11,24,4,5,8,2,4,0,2,2,23:36,?,?,?,?,?,?,?,?,?,?,?,32,11,15,11,4,6,1,1,3,2,11:01,?,?,?,?,?,?,?,?,?,?,?,4,18,8,3,7,3,5,3,1,2,14:59,50,15,12,17,6,4,1,3,0,2,23:29,14,9,10,7,4,5,7,3,5,2,00:05,24,21,14,9,7,6,3,0,4,2,19:13,22,27,14,8,10,6,2,3,4,2,00:30,63
47,-1,4,17,1,3,4,4,5,1,19:08,15,0,2,7,0,2,6,0,4,1,10:42,43,5,8,15,2,4,2,1,4,1,13:58,34,9,9,12,3,4,2,0,3,1,12:09,?,?,?,?,?,?,?,?,?,?,?,?,?,?,?,?,?,?,?,?,?,?,42,26,5,15,9,2,3,1,1,1,10:56,21,5,19,8,2,7,3,1,2,1,11:16,?,?,?,?,?,?,?,?,?,?,?,26,29,15,9,11,5,1,4,0,1,22:29,70
17,0,3,8,0,1,7,0,0,1,01:16,?,?,?,?,?,?,?,?,?,?,?,?,?,?,?,?,?,?,?,?,?,?,28,5,-2,11,2,0,5,1,2,1,20:23,54,11,5,19,4,2,3,1,1,1,21:46,33,14,5,13,5,2,6,1,1,1,19:37,30,15,-1,13,6,1,9,3,4,1,19:39,17,2,-3,8,2,1,7,4,6,1,22:07,?,?,?,?,?,?,?,?,?,?,?,2,31,7,2,11,4,4,2,5,1,21:33,40
35,0,3,12,0,1,1,0,0,1,00:32,24,0,0,9,0,0,3,0,0,1,19:50,14,12,8,6,5,4,4,3,4,1,22:07,19,7,12,8,3,5,5,2,3,1,11:30,36,18,9,13,6,4,3,0,3,1,00:25,24,19,8,9,7,3,3,2,1,1,22:33,37,18,8,13,7,3,2,3,1,1,14:51,21,-3,15,9,1,6,6,6,3,1,14:22,22,34,6,8,12,3,2,2,3,1,15:00,22,35,23,8,12,8,2,1,1,1,21:14,80
42,0,3,15,0,1,3,0,0,2,19:32,17,22,0,6,8,0,1,2,0,1,22:27,3,0,4,1,0,2,0,0,2,1,22:06,?,?,?,?,?,?,?,?,?,?,?,?,?,?,?,?,?,?,?,?,?,?,?,?,?,?,?,?,?,?,?,?,?,?,?,?,?,?,?,?,?,?,?,?,?,?,?,?,?,?,?,?,?,?,?,?,?,?,?,?,?,?,?,?,?,?,9,38,26,4,13,9,3,1,1,1,21:53,73
27,0,3,11,0,1,6,0,0,1,22:27,28,6,-2,11,3,2,5,3,8,1,00:58,36,-1,10,14,0,5,6,1,5,1,23:34,25,5,11,10,2,5,5,1,4,1,14:03,44,7,10,16,3,4,4,2,2,1,22:54,29,2,0,11,2,0,4,4,0,1,14:51,41,15,8,16,6,3,7,3,1,1,21:54,21,3,4,9,3,2,6,6,2,1,18:59,12,23,9,6,9,4,6,4,3,1,20:14,8,26,17,4,10,6,4,4,1,1,15:01,51
33,8,19,13,4,7,6,4,2,2,11:32,?,?,?,?,?,?,?,?,?,?,?,47,2,7,17,1,3,4,1,2,2,22:41,40,15,5,14,5,2,2,0,1,2,10:02,40,15,9,14,5,4,2,0,3,2,10:01,43,8,1,15,4,1,2,4,2,2,20:24,49,19,8,17,7,3,2,2,1,2,23:07,18,12,3,6,4,2,0,0,3,2,20:52,34,30,11,12,10,5,2,0,4,2,23:24,17,38,30,6,14,10,1,4,0,2,16:54,85
?,?,?,?,?,?,?,?,?,?,?,?,?,?,?,?,?,?,?,?,?,?,?,?,?,?,?,?,?,?,?,?,?,29,0,0,11,0,1,4,0,3,2,19:18,?,?,?,?,?,?,?,?,?,?,?,45,0,5,16,1,2,3,3,1,2,00:27,37,15,6,13,6,2,2,3,0,2,20:18,?,?,?,?,?,?,?,?,?,?,?,?,?,?,?,?,?,?,?,?,?,?,1,0,17,2,0,6,5,0,1,2,21:15,18
?,?,?,?,?,?,?,?,?,?,?,?,?,?,?,?,?,?,?,?,1,16:30,?,?,?,?,?,?,?,?,?,?,?,33,8,0,12,3,0,3,1,0,1,14:16,?,?,?,?,?,?,?,?,?,?,?,?,?,?,?,?,?,?,?,?,?,?,19,27,12,7,9,4,2,0,0,1,21:49,27,15,5,10,5,3,3,0,4,1,21:32,27,13,9,10,5,4,3,2,3,2,07:53,8,47,14,4,16,5,4,1,1,2,21:04,69
34,2,2,16,3,3,14,7,7,1,22:30,?,?,?,?,?,?,?,?,?,?,?,?,?,?,?,?,?,?,?,?,?,?,?,?,?,?,?,?,?,?,?,?,?,11,14,18,9,6,7,16,4,3,1,20:38,27,14,11,13,6,4,12,4,1,1,23:41,36,18,4,15,7,2,9,3,2,1,23:39,15,11,-1,7,5,2,6,4,7,1,23:16,?,?,?,?,?,?,?,?,?,?,?,12,30,17,5,10,6,3,0,1,1,22:10,59
22,4,1,12,3,2,14,5,5,1,16:21,20,3,0,10,2,0,10,3,0,1,22:31,?,?,?,?,?,?,?,?,?,?,?,?,?,?,?,?,?,?,?,?,?,?,?,?,?,?,?,?,?,?,?,?,?,?,?,?,?,?,?,?,?,?,?,?,28,20,3,10,7,1,2,1,0,1,18:48,28,27,6,10,9,2,2,0,0,1,16:32,22,21,5,8,8,2,2,3,1,1,17:37,10,29,6,4,10,2,2,1,0,2,12:09,45
19,0,3,7,0,1,2,0,0,2,18:10,11,-1,0,6,0,1,7,1,3,2,21:59,19,0,0,8,0,0,5,0,0,2,10:42,?,?,?,?,?,?,?,?,?,?,?,37,0,3,13,0,2,2,0,3,1,11:41,33,0,0,13,0,0,6,0,0,1,18:27,17,6,0,9,2,0,10,0,0,1,22:39,12,-2,-1,7,2,2,9,8,7,2,22:33,21,15,5,9,5,3,6,0,4,1,23:22,12,42,24,4,15,8,0,3,0,1,14:05,78
33,5,7,12,2,3,3,1,2,1,09:32,13,16,-5,8,6,0,11,2,5,1,19:39,34,0,0,13,0,0,5,0,0,1,13:46,?,?,?,?,?,?,?,?,?,?,?,?,?,?,?,?,?,?,?,?,?,?,?,?,?,?,?,?,?,?,?,?,?,?,?,?,?,?,?,?,?,?,?,?,23,18,3,10,6,3,7,0,6,1,17:30,0,0,0,0,0,0,0,0,0,1,13:35,11,29,30,5,10,10,4,1,0,1,23:08,70
?,?,?,?,?,?,?,?,?,?,?,?,?,?,?,?,?,?,?,?,?,?,67,12,-1,23,4,0,2,0,1,1,15:06,43,7,14,15,3,5,2,2,1,1,22:54,62,15,3,21,5,1,1,0,0,1,08:45,?,?,?,?,?,?,?,?,?,1,09:45,37,30,3,13,10,1,2,0,0,1,18:37,34,15,0,12,5,0,2,0,0,1,17:29,8,22,3,5,8,1,7,2,0,1,16:12,4,40,27,2,14,9,2,2,0,1,23:01,71
?,?,?,?,?,?,?,?,?,?,?,26,-10,14,14,0,6,16,10,4,1,19:09,?,?,?,?,?,?,?,?,?,?,?,12,3,10,8,2,5,12,3,5,1,23:13,33,14,10,13,5,4,6,1,2,1,19:31,?,?,?,?,?,?,?,?,?,?,?,?,?,?,?,?,?,?,?,?,?,?,38,4,22,14,2,8,4,2,2,1,23:21,26,7,18,10,3,7,4,2,3,1,19:28,18,35,6,7,13,2,3,4,0,1,19:10,59
15,0,3,8,0,1,9,0,0,1,23:03,5,-2,6,5,1,4,10,5,6,1,23:44,3,1,-1,4,2,2,9,5,7,1,22:13,-3,0,7,3,1,4,12,3,5,1,18:35,1,10,2,3,5,2,8,5,4,1,00:37,?,?,?,?,?,?,?,?,?,?,?,-1,2,8,3,2,3,10,4,1,1,21:13,4,-1,-2,6,0,2,14,1,8,1,22:35,?,?,?,?,?,?,?,?,?,?,?,3,10,18,3,6,7,6,8,3,1,22:13,31
47,0,8,17,0,3,4,0,1,1,21:02,?,?,?,?,?,?,?,?,?,?,?,44,0,0,16,0,0,4,0,0,1,17:32,44,5,3,15,2,1,1,1,0,1,11:20,?,?,?,?,?,?,?,?,?,?,?,?,?,?,?,?,?,?,?,?,?,?,36,11,-1,14,4,0,6,1,1,1,13:10,?,?,?,?,?,?,?,?,?,?,?,?,?,?,?,?,?,?,?,?,?,?,4,38,15,2,13,5,2,1,0,1,16:32,57
?,?,?,?,?,?,?,?,?,?,?,12,27,10,5,9,4,3,0,2,1,22:52,32,6,8,11,3,4,1,3,4,1,21:40,?,?,?,?,?,?,?,?,?,2,09:05,?,?,?,?,?,?,?,?,?,?,?,39,17,5,14,6,2,3,1,1,1,21:38,42,30,12,15,10,4,3,0,0,1,23:04,?,?,?,?,?,?,?,?,?,?,?,?,?,?,?,?,?,?,?,?,?,?,15,27,26,6,10,9,3,3,1,1,21:07,68
?,?,?,?,?,?,?,?,?,?,?,2,-2,-2,8,2,2,22,8,8,1,18:48,?,?,?,?,?,?,?,?,?,?,?,-4,-5,2,4,0,3,16,5,7,2,21:01,?,?,?,?,?,?,?,?,?,?,?,?,?,?,?,?,?,?,?,?,?,?,?,?,?,?,?,?,?,?,?,?,?,8,-6,-2,7,1,2,13,9,8,2,22:21,?,?,?,?,?,?,?,?,?,?,?,6,5,2,4,6,3,6,13,7,2,22:55,13
?,?,?,?,?,?,?,?,?,?,?,?,?,?,?,?,?,?,?,?,?,?,?,?,?,?,?,?,?,?,?,?,?,35,4,14,13,2,6,4,2,4,1,22:45,56,17,14,20,6,6,4,1,4,1,17:59,63,22,15,22,8,5,3,2,0,1,20:42,67,30,15,23,10,5,2,0,0,1,20:26,?,?,?,?,?,?,?,?,?,?,?,25,41,22,10,14,8,5,1,2,1,18:54,26,48,14,9,17,6,1,3,4,1,21:15,88
?,?,?,?,?,?,?,?,?,?,?,?,?,?,?,?,?,?,?,?,?,?,?,?,?,?,?,?,?,?,?,?,?,?,?,?,?,?,?,?,?,?,?,?,?,?,?,?,?,?,?,?,?,?,?,32,6,-1,12,3,0,4,3,1,1,19:25,33,30,7,12,10,3,3,0,2,1,22:53,21,15,14,8,5,6,3,0,4,1,22:48,?,?,?,?,?,?,?,?,?,?,?,24,27,26,8,10,9,0,3,1,1,21:30,77
33,7,10,15,4,5,12,5,5,1,22:40,6,6,10,9,4,5,21,6,5,1,01:15,10,2,-2,10,3,2,20,7,8,1,01:19,20,11,10,10,4,5,10,1,5,1,22:17,27,10,2,13,5,3,12,5,7,1,00:15,?,?,?,?,?,?,?,?,?,?,?,?,?,?,?,?,?,?,?,?,?,?,52,30,26,18,10,9,2,0,1,1,13:31,?,?,?,?,?,?,?,?,?,?,?,26,56,30,9,19,10,1,1,0,1,23:57,112
43,0,3,15,0,1,2,0,0,1,20:29,23,0,0,10,0,0,7,0,0,1,22:56,57,0,-1,20,0,0,3,0,1,1,23:04,25,0,5,11,0,3,8,0,4,1,11:17,36,12,1,15,4,1,9,0,2,1,19:51,36,0,0,15,0,0,9,0,0,1,11:38,46,0,6,17,0,2,5,0,0,1,18:28,34,5,-1,13,2,0,5,1,1,1,17:56,22,2,10,9,1,4,5,1,2,1,23:57,7,34,22,3,13,8,2,5,2,1,12:56,63
-1,-3,3,0,0,1,1,3,0,2,18:44,23,6,4,10,4,3,7,6,5,1,19:22,31,6,-2,14,3,2,11,3,8,1,19:52,8,2,0,5,1,0,7,1,0,2,22:41,40,14,10,16,6,4,8,4,2,2,22:06,28,15,11,13,6,4,11,3,1,2,18:23,?,?,?,?,?,?,?,?,?,?,?,15,6,6,8,3,4,9,3,6,2,11:38,1,0,4,1,0,2,2,0,2,2,20:41,-1,8,5,0,3,2,1,1,1,2,19:22,12
40,-6,6,16,1,2,8,9,0,1,13:12,10,10,14,7,5,6,11,5,4,1,14:06,29,10,-2,13,5,2,10,5,8,1,14:10,17,11,11,8,4,5,7,1,4,2,09:53,16,18,10,9,7,5,11,3,5,2,11:54,37,14,7,14,6,3,5,4,2,2,14:01,55,22,11,19,8,4,2,2,1,2,10:01,20,6,2,10,4,3,10,6,7,2,11:56,-1,-1,0,1,0,0,4,1,0,2,22:57,14,21,11,6,9,4,4,6,1,2,17:01,46
?,?,?,?,?,?,?,?,?,?,?,?,?,?,?,?,?,?,?,?,?,?,?,?,?,?,?,?,?,?,?,?,?,?,?,?,?,?,?,?,?,?,?,?,39,0,0,13,0,0,0,0,0,1,22:58,31,-1,0,12,0,0,5,1,0,1,10:26,?,?,?,?,?,?,?,?,?,?,?,10,0,16,6,0,6,8,0,2,1,22:28,22,2,0,9,1,0,5,1,0,1,23:03,16,25,6,6,9,2,2,2,0,1,23:15,47
?,?,?,?,?,?,?,?,?,2,01:02,?,?,?,?,?,?,?,?,?,?,?,?,?,?,?,?,?,?,?,?,?,?,16,0,10,6,0,4,2,0,2,2,23:18,6,0,0,2,0,0,0,0,0,2,18:48,?,?,?,?,?,?,?,?,?,?,?,?,?,?,?,?,?,?,?,?,?,?,?,?,?,?,?,?,?,?,?,?,?,10,23,2,4,8,1,2,1,1,2,23:22,6,29,15,4,10,5,6,1,0,2,21:47,50
14,3,3,6,2,1,4,3,0,2,22:45,?,?,?,?,?,?,?,?,?,?,?,3,10,2,1,5,3,0,5,7,1,11:54,12,-5,10,8,0,5,12,5,5,2,22:27,-1,-2,-2,6,2,2,19,8,8,2,22:19,-1,0,0,0,0,0,1,0,0,2,19:03,?,?,?,?,?,?,?,?,?,?,?,?,?,?,?,?,?,?,?,?,?,?,?,?,?,?,?,?,?,?,?,?,?,10,0,0,4,0,0,2,0,0,1,12:41,10
?,?,?,?,?,?,?,?,?,?,?,8,0,0,5,0,0,7,0,0,1,21:20,33,0,0,12,0,0,3,0,0,1,22:53,40,-1,4,14,0,2,2,1,2,1,10:09,37,18,-1,13,6,1,2,0,4,1,11:00,23,5,4,9,2,2,4,1,2,1,11:11,37,24,2,13,8,1,2,0,1,1,19:45,24,23,0,9,8,0,3,1,0,1,12:43,16,16,0,7,6,0,5,2,0,1,10:29,0,28,9,0,10,3,0,2,0,1,12:04,37
?,?,?,?,?,?,?,?,?,?,?,14,0,0,8,1,0,10,3,0,2,09:27,26,0,-1,11,0,0,7,0,1,2,11:36,22,0,4,9,0,2,5,0,2,2,10:04,24,3,0,10,1,0,6,0,0,2,11:13,32,-1,-2,12,2,0,4,7,2,2,10:01,21,15,6,9,6,2,6,3,0,2,12:16,21,2,-2,9,2,1,6,4,5,2,10:42,11,14,-1,5,6,1,4,4,4,2,21:10,3,10,3,3,7,1,6,11,0,2,18:09,16
55,18,10,19,6,4,2,0,2,1,19:03,8,0,0,3,0,0,1,0,0,1,20:30,41,12,0,16,4,0,7,0,0,1,22:19,15,0,12,7,1,5,6,3,3,1,20:30,?,?,?,?,?,?,?,?,?,?,?,?,?,?,?,?,?,?,?,?,?,?,?,?,?,?,?,?,?,?,?,?,?,?,?,?,?,?,?,?,?,?,?,?,?,?,?,?,?,?,?,?,?,?,?,16,34,14,6,12,5,2,2,1,1,22:20,64
?,?,?,?,?,?,?,?,?,?,?,?,?,?,?,?,?,?,?,?,?,?,?,?,?,?,?,?,?,?,?,?,?,?,?,?,?,?,?,?,?,?,?,?,?,?,?,?,?,?,?,?,?,?,?,50,-2,4,17,0,2,1,2,2,1,01:23,44,12,8,15,5,3,1,3,1,1,18:08,37,10,1,13,4,1,2,2,2,1,14:53,17,20,0,8,7,0,7,1,0,1,18:34,1,30,24,2,11,8,5,3,0,1,22:45,55
?,?,?,?,?,?,?,?,?,?,?,?,?,?,?,?,?,?,?,?,?,?,?,?,?,?,?,?,?,?,?,?,?,?,?,?,?,?,?,?,?,?,?,?,?,?,?,?,?,?,?,?,?,?,?,?,?,?,?,?,?,?,?,?,?,?,18,11,1,7,4,1,3,1,2,1,13:15,23,11,14,8,4,5,1,1,1,1,22:05,8,23,5,4,8,3,4,1,4,1,21:25,12,27,17,5,10,6,3,3,1,1,21:37,56
62,15,11,23,6,5,7,3,4,1,17:40,25,22,7,11,8,4,8,2,5,1,05:05,55,15,3,20,5,1,5,0,0,1,16:52,?,?,?,?,?,?,?,?,?,?,?,38,22,8,14,8,3,4,2,1,1,23:07,55,26,11,20,9,4,5,1,1,1,23:34,59,22,7,21,8,3,4,2,2,1,12:12,24,30,18,11,10,7,9,0,3,1,00:23,?,?,?,?,?,?,?,?,?,?,?,15,14,12,5,5,4,0,1,0,1,16:54,41
?,?,?,?,?,?,?,?,?,?,?,?,?,?,?,?,?,?,?,?,?,?,?,?,?,?,?,?,?,?,?,?,?,?,?,?,?,?,?,?,?,?,?,?,?,?,?,?,?,?,?,?,?,?,?,?,?,?,?,?,?,?,?,?,?,?,47,30,5,16,10,2,1,0,1,1,10:16,33,15,8,12,5,4,3,0,4,1,15:11,21,17,12,9,7,5,6,4,3,1,13:56,7,34,30,4,13,10,5,5,0,1,13:42,71
?,?,?,?,?,?,?,?,?,?,?,?,?,?,?,?,?,?,?,?,?,?,?,?,?,?,?,?,?,?,?,?,?,?,?,?,?,?,?,?,?,?,?,?,?,?,?,?,?,?,?,?,?,?,?,?,?,?,?,?,?,?,?,?,?,?,47,18,7,17,7,3,4,3,2,1,13:58,28,30,8,12,10,4,8,0,4,1,15:11,21,33,3,9,12,3,6,3,6,1,17:36,6,24,30,4,11,10,6,9,0,1,14:36,60
40,4,3,16,3,1,8,5,0,1,13:48,29,9,3,14,4,2,13,3,3,1,14:56,46,3,3,17,2,3,5,3,6,1,22:10,?,?,?,?,?,?,?,?,?,?,?,51,8,1,18,4,1,3,4,2,1,11:26,45,10,4,17,5,2,6,5,2,1,14:30,49,14,3,18,5,2,5,1,3,1,14:14,31,11,3,12,4,3,5,1,6,1,12:08,10,21,10,6,9,5,8,6,5,1,10:54,14,44,19,6,16,7,4,4,2,1,21:50,77
?,?,?,?,?,?,?,?,?,?,?,-1,0,0,0,0,0,1,0,0,1,19:21,?,?,?,?,?,?,?,?,?,?,?,?,?,?,?,?,?,?,?,?,?,?,?,?,?,?,?,?,?,?,?,?,?,?,?,?,?,?,?,?,?,?,?,?,-1,-1,7,6,2,3,19,7,2,2,20:34,-4,0,-2,0,0,0,4,0,2,2,20:46,-3,0,0,0,0,0,3,0,0,2,19:25,10,16,11,5,6,5,5,2,4,1,16:05,37
58,4,3,21,2,1,5,2,0,1,18:32,31,3,0,12,1,0,5,0,0,1,21:05,54,2,5,19,1,2,3,1,1,1,10:41,32,2,20,12,1,7,4,1,1,1,23:50,44,18,6,16,6,3,4,0,3,1,10:44,53,16,9,19,6,3,4,2,0,1,10:39,63,30,9,22,10,3,3,0,0,1,10:26,28,18,3,11,6,3,5,0,6,1,13:35,33,25,18,12,9,7,3,2,3,1,20:16,14,50,27,6,17,9,4,1,0,1,12:28,91
61,4,11,22,3,5,5,5,4,1,06:54,?,?,?,?,?,?,?,?,?,?,?,?,?,?,?,?,?,?,?,?,?,?,?,?,?,?,?,?,?,?,?,?,?,61,17,18,21,6,7,2,1,3,1,09:02,0,0,0,0,0,0,0,0,0,1,22:36,36,18,4,14,7,2,6,3,2,1,14:16,14,22,-1,7,8,2,7,2,7,1,21:27,22,1,2,9,4,3,5,11,7,1,21:46,?,?,?,?,?,?,?,?,?,1,12:51,0
?,?,?,?,?,?,?,?,?,?,?,?,?,?,?,?,?,?,?,?,?,?,?,?,?,?,?,?,?,?,?,?,?,3,0,0,1,0,0,0,0,0,1,23:24,0,0,0,0,0,0,0,0,0,1,23:22,0,0,0,0,0,0,0,0,0,1,23:23,0,0,0,0,0,0,0,0,0,1,04:52,0,0,0,0,0,0,0,0,0,1,04:51,0,0,0,0,0,0,0,0,0,1,03:27,?,?,?,?,?,?,?,?,?,1,00:38,0
?,?,?,?,?,?,?,?,?,?,?,?,?,?,?,?,?,?,?,?,?,?,?,?,?,?,?,?,?,?,?,?,?,20,11,17,7,4,6,1,1,1,1,22:41,?,?,?,?,?,?,?,?,?,?,?,33,10,9,12,4,3,3,2,0,1,22:37,28,27,8,10,9,3,2,0,1,1,22:24,23,27,16,8,9,6,1,0,2,1,22:13,18,22,11,6,9,5,0,5,4,1,22:04,12,28,23,5,10,8,3,2,1,1,22:33,63
?,?,?,?,?,?,?,?,?,?,?,?,?,?,?,?,?,?,?,?,?,?,?,?,?,?,?,?,?,?,?,?,?,17,3,16,7,1,6,4,0,2,2,23:39,23,18,0,9,6,0,4,0,0,2,22:09,28,0,0,11,0,0,5,0,0,2,22:11,22,18,9,8,6,3,2,0,0,2,22:35,0,0,0,1,0,0,3,0,0,2,23:49,3,12,14,4,4,6,9,0,4,2,23:12,19,12,17,7,5,6,2,3,1,2,23:05,48
?,?,?,?,?,?,?,?,?,?,?,13,2,0,6,1,1,5,1,3,1,18:20,26,2,2,10,1,2,4,1,4,1,22:06,17,2,14,7,1,5,4,1,1,1,18:11,35,12,8,12,4,3,1,0,1,1,19:31,41,15,8,14,5,3,1,0,1,1,17:57,38,18,2,13,7,1,1,3,1,1,15:09,33,14,4,11,5,2,0,1,2,1,14:43,14,27,5,6,10,2,4,3,1,1,11:43,6,43,19,2,15,7,0,2,2,1,11:03,68
41,8,6,17,4,2,10,4,0,1,23:56,?,?,?,?,?,?,?,?,?,?,?,?,?,?,?,?,?,?,?,?,?,?,?,?,?,?,?,?,?,?,?,?,?,?,?,?,?,?,?,?,?,?,?,?,?,?,?,?,?,?,?,?,?,?,?,37,19,0,14,7,1,5,2,3,1,18:27,?,?,?,?,?,?,?,?,?,?,?,18,15,7,8,5,4,6,0,5,1,18:49,-2,27,18,2,11,7,8,6,3,1,21:58,43
22,4,10,13,3,5,17,5,5,2,16:35,30,-5,3,14,0,3,12,5,6,2,23:09,?,?,?,?,?,?,?,?,?,?,?,?,?,?,?,?,?,?,?,?,?,?,31,3,10,14,2,4,11,3,2,2,10:15,3,3,3,2,3,2,3,6,3,2,14:40,12,12,11,9,5,4,15,3,1,2,16:11,5,8,6,6,4,4,13,4,6,2,09:36,6,15,2,5,6,3,9,3,7,2,15:22,14,23,6,6,10,3,4,7,3,2,00:04,43
?,?,?,?,?,?,?,?,?,?,?,?,?,?,?,?,?,?,?,?,?,?,?,?,?,?,?,?,?,?,?,?,?,?,?,?,?,?,?,?,?,?,?,?,50,8,-1,18,4,0,4,4,1,2,23:06,60,-1,-1,21,0,1,3,1,4,2,22:02,46,30,2,16,10,1,2,0,1,2,14:34,43,15,13,15,5,5,2,0,2,2,23:28,33,30,8,12,11,4,3,3,4,2,16:30,10,45,27,5,16,9,5,3,0,2,13:52,82
?,?,?,?,?,?,?,?,?,?,?,?,?,?,?,?,?,?,?,?,?,?,?,?,?,?,?,?,?,?,?,1,14:23,13,1,13,6,1,5,5,2,2,1,13:27,8,-3,14,6,0,6,10,3,4,2,22:20,15,14,6,8,6,2,9,4,0,1,10:35,29,22,3,12,8,2,7,2,3,2,22:27,16,10,18,9,5,7,11,5,3,1,11:12,10,8,10,5,3,4,5,1,2,1,14:19,23,6,5,8,5,2,1,9,1,1,14:42,34
?,?,?,?,?,?,?,?,?,?,?,?,?,?,?,?,?,?,?,?,?,?,?,?,?,?,?,?,?,?,?,?,?,36,0,2,13,0,1,3,0,1,1,10:01,38,-1,4,14,0,2,4,1,2,1,23:22,17,16,1,6,6,1,1,2,2,1,11:14,?,?,?,?,?,?,?,?,?,1,23:11,14,-8,10,8,0,5,10,8,5,1,17:56,21,9,0,8,4,0,3,3,0,1,12:23,19,22,15,7,8,6,2,2,3,1,21:16,56
?,?,?,?,?,?,?,?,?,?,?,3,14,-2,5,6,2,12,4,8,1,18:36,?,?,?,?,?,?,?,?,?,?,?,?,?,?,?,?,?,?,?,?,?,?,?,?,?,?,?,?,?,?,?,?,?,?,?,?,?,?,?,?,?,?,?,?,48,26,15,18,9,5,6,1,0,1,14:45,19,0,17,7,0,6,2,0,1,1,21:22,?,?,?,?,?,?,?,?,?,?,?,26,39,26,9,14,9,1,3,1,1,14:40,91
?,?,?,?,?,?,?,?,?,?,?,?,?,?,?,?,?,?,?,?,?,?,?,?,?,?,?,?,?,?,?,?,?,29,1,27,10,1,9,1,2,0,1,21:56,71,18,22,24,7,8,1,3,2,1,22:45,63,26,11,22,9,4,3,1,1,1,21:14,55,30,15,20,10,5,5,0,0,1,21:26,48,30,26,17,10,9,3,0,1,1,22:56,33,41,22,12,14,8,3,1,2,1,22:32,30,52,26,10,18,9,0,2,1,1,21:08,108
48,4,5,18,3,3,6,5,4,1,21:58,26,20,0,11,7,1,7,1,3,1,23:30,0,0,0,0,0,0,0,0,0,2,17:00,3,0,0,1,0,0,0,0,0,1,21:11,36,15,10,13,6,4,3,3,2,1,00:05,3,0,0,1,0,0,0,0,0,1,21:34,46,26,4,16,9,2,2,1,2,1,22:04,18,24,5,7,8,3,3,0,4,1,14:08,29,31,4,10,11,2,1,2,2,2,17:00,13,35,22,5,12,8,2,1,2,1,23:21,70
51,2,10,19,2,4,6,4,2,1,20:56,?,?,?,?,?,?,?,?,?,2,16:55,?,?,?,?,?,?,?,?,?,?,?,44,4,18,15,2,7,1,2,3,1,22:17,46,18,12,16,6,5,2,0,3,1,23:12,37,14,11,15,6,4,8,4,1,1,15:58,61,26,9,21,9,3,2,1,0,1,21:58,38,27,19,13,9,7,1,0,2,1,11:34,?,?,?,?,?,?,?,?,?,?,?,30,56,30,10,19,10,0,1,0,1,22:57,116
37,1,22,14,2,8,5,5,2,1,22:48,6,18,11,4,6,5,6,0,4,1,23:46,29,-1,6,12,0,4,7,1,6,1,00:42,21,1,22,9,1,8,6,2,2,1,09:56,50,18,26,17,6,9,1,0,1,1,22:59,44,22,8,15,8,3,1,2,1,1,11:00,40,18,15,14,7,5,2,3,0,1,11:13,26,26,22,10,9,8,4,1,2,1,22:03,28,26,18,10,10,7,2,4,3,1,21:42,22,37,30,8,13,10,2,2,0,1,11:28,89
?,?,?,?,?,?,?,?,?,?,?,?,?,?,?,?,?,?,?,?,?,?,12,0,0,4,0,0,0,0,0,2,18:59,30,0,7,11,0,3,3,0,2,2,21:45,27,0,8,12,0,3,9,0,1,2,10:53,25,1,0,11,1,0,8,2,0,2,11:52,40,3,5,14,1,2,2,0,1,1,16:06,17,15,4,7,5,2,4,0,2,2,23:56,12,32,3,5,11,1,3,1,0,1,21:15,5,26,12,3,10,4,4,4,0,1,12:27,43
?,?,?,?,?,?,?,?,?,?,?,?,?,?,?,?,?,?,?,?,?,?,?,?,?,?,?,?,?,?,?,?,?,28,0,1,10,0,2,2,0,5,1,10:20,?,?,?,?,?,?,?,?,?,?,?,30,10,5,11,4,2,3,2,1,1,21:56,32,22,12,11,8,4,1,2,0,1,21:53,11,21,10,6,7,4,7,0,2,1,19:02,?,?,?,?,?,?,?,?,?,?,?,19,25,23,7,9,8,2,2,1,1,18:54,67
?,?,?,?,?,?,?,?,?,?,?,?,?,?,?,?,?,?,?,?,?,?,?,?,?,?,?,?,?,?,?,?,?,?,?,?,?,?,?,?,?,?,?,?,39,14,2,16,6,3,9,4,7,1,15:58,43,18,3,17,7,2,8,3,3,1,22:21,23,10,3,12,5,2,13,5,3,1,23:05,?,?,?,?,?,?,?,?,?,?,?,2,20,-2,4,7,1,10,1,5,1,20:45,6,15,11,4,7,5,6,6,4,1,21:19,32
30,10,12,10,5,5,0,5,3,1,17:32,30,2,-4,11,1,0,3,1,4,1,20:46,31,8,16,11,3,6,2,1,2,1,22:04,8,0,11,4,0,4,4,0,1,1,10:03,40,18,14,15,6,6,5,0,4,1,20:20,39,26,15,14,9,5,3,1,0,1,19:56,33,15,15,13,5,5,6,0,0,1,11:26,23,26,18,9,9,7,4,1,3,1,21:18,21,33,23,9,12,8,6,3,1,1,15:08,30,40,11,10,14,5,0,2,4,1,20:20,81
35,10,13,13,4,5,4,2,2,2,15:07,4,0,3,3,0,3,5,0,6,2,18:56,47,0,0,17,0,2,4,0,6,2,18:17,?,?,?,?,?,?,?,?,?,?,?,25,0,18,9,0,7,2,0,3,1,11:01,27,23,2,11,8,1,6,1,1,2,12:28,47,18,11,17,7,4,4,3,1,1,23:15,29,19,15,11,7,6,4,2,3,2,13:30,18,3,14,7,2,5,3,3,1,2,18:26,15,27,14,6,10,5,3,3,1,2,16:35,56
31,-4,-1,11,0,1,2,4,4,1,10:13,?,?,?,?,?,?,?,?,?,?,?,?,?,?,?,?,?,?,?,?,?,?,?,?,?,?,?,?,?,?,?,?,?,48,0,5,17,0,2,3,0,1,1,22:26,31,7,0,11,3,0,2,2,0,1,21:18,29,15,6,10,5,2,1,0,0,1,17:02,31,0,7,11,0,3,2,0,2,1,19:08,15,6,3,6,2,1,3,0,0,1,10:53,3,34,3,2,12,1,3,2,0,1,11:02,40
41,0,3,15,0,1,4,0,0,2,18:25,9,0,2,5,0,1,6,0,1,2,20:51,44,0,-1,17,0,0,7,0,1,1,11:13,33,0,11,12,0,4,3,0,1,1,11:23,69,18,27,23,6,9,0,0,0,1,15:11,30,14,3,11,5,1,3,1,0,1,23:50,?,?,?,?,?,?,?,?,?,?,?,?,?,?,?,?,?,?,?,?,?,?,26,26,15,10,9,6,4,1,3,1,21:00,4,35,27,2,12,9,2,1,0,1,23:22,66
?,?,?,?,?,?,?,?,?,?,?,?,?,?,?,?,?,?,?,?,?,?,?,?,?,?,?,?,?,?,?,?,?,10,0,16,5,0,6,5,0,2,1,11:07,5,0,5,2,0,3,1,0,4,1,11:10,24,0,0,9,0,0,3,0,0,1,22:08,27,0,5,9,0,2,0,0,1,1,15:24,?,?,?,?,?,?,?,?,?,?,?,?,?,?,?,?,?,?,?,?,?,?,8,30,27,3,10,9,1,0,0,1,00:38,65
?,?,?,?,?,?,?,?,?,?,?,?,?,?,?,?,?,?,?,?,?,?,11,-3,7,8,1,4,13,6,5,1,12:37,15,-1,22,7,1,8,6,4,2,1,11:29,29,-2,12,12,1,5,7,5,3,1,20:44,36,6,2,14,4,1,6,6,1,1,20:54,40,14,8,15,6,3,5,4,1,1,18:14,14,0,0,5,0,0,1,0,0,1,18:34,3,17,22,4,7,8,9,4,2,1,06:15,22,18,16,8,9,6,2,9,2,1,20:19,56
50,3,16,17,1,6,1,0,2,1,23:44,32,6,0,12,2,0,4,0,0,1,22:13,40,0,11,14,0,4,2,0,1,1,20:11,37,12,11,13,4,4,2,0,1,1,21:54,48,15,14,17,5,5,3,0,1,1,22:16,50,21,15,17,7,5,1,0,0,1,22:07,52,23,4,18,8,2,2,1,2,1,22:27,26,18,12,9,6,5,1,0,3,1,19:37,?,?,?,?,?,?,?,?,?,?,?,17,30,24,6,11,8,1,3,0,1,22:36,71
?,?,?,?,?,?,?,?,?,2,14:22,?,?,?,?,?,?,?,?,?,?,?,?,?,?,?,?,?,?,?,?,?,?,?,?,?,?,?,?,?,?,?,?,?,?,?,?,?,?,?,?,?,?,?,?,?,?,?,?,?,?,?,?,?,2,19:20,37,19,4,13,7,2,2,2,2,1,17:16,13,2,0,5,1,0,2,1,0,2,13:45,10,29,15,4,10,6,2,1,3,1,18:35,0,17,22,0,6,8,0,1,2,2,18:17,39
?,?,?,?,?,?,?,?,?,?,?,14,0,0,6,0,0,4,0,0,1,19:48,25,0,3,9,0,2,2,0,3,1,23:20,?,?,?,?,?,?,?,?,?,?,?,?,?,?,?,?,?,?,?,?,?,?,?,?,?,?,?,?,?,?,?,?,?,29,14,2,10,5,1,1,1,1,1,23:13,?,?,?,?,?,?,?,?,?,?,?,?,?,?,?,?,?,?,?,?,?,?,9,39,14,4,14,5,3,3,1,1,23:28,62
?,?,?,?,?,?,?,?,?,?,?,?,?,?,?,?,?,?,?,?,?,?,?,?,?,?,?,?,?,?,?,?,?,4,0,12,5,0,5,11,0,3,2,13:37,0,0,0,0,0,0,0,0,0,2,21:27,44,0,0,15,0,0,1,0,0,2,13:07,28,-1,4,10,0,2,2,1,2,1,23:56,?,?,?,?,?,?,?,?,?,?,?,9,-3,6,6,3,4,9,12,6,1,00:37,12,22,7,5,8,3,3,2,2,1,18:53,41
37,3,3,14,2,1,5,3,0,1,17:39,23,0,0,10,0,0,7,0,0,1,09:11,16,0,0,7,0,0,5,0,0,1,14:48,?,?,?,?,?,?,?,?,?,?,?,?,?,?,?,?,?,?,?,?,?,?,?,?,?,?,?,?,?,?,?,?,?,43,15,15,16,5,5,5,0,0,1,23:40,25,27,15,10,9,6,5,0,3,1,21:21,25,23,20,10,8,7,5,1,1,1,09:48,20,35,26,7,13,9,1,4,1,1,12:43,81
22,10,2,13,5,3,17,5,7,2,06:39,0,0,0,0,0,0,0,0,0,2,05:14,?,?,?,?,?,?,?,?,?,?,?,23,4,27,9,2,9,4,2,0,1,21:33,31,12,7,12,5,4,5,3,5,1,13:54,?,?,?,?,?,?,?,?,?,?,?,27,26,0,12,9,1,9,1,3,1,21:14,11,6,12,6,2,5,7,0,3,1,10:38,16,11,15,7,5,6,5,4,3,1,18:02,19,28,18,7,11,6,2,5,0,1,19:40,65
?,?,?,?,?,?,?,?,?,2,21:53,?,?,?,?,?,?,?,?,?,?,?,?,?,?,?,?,?,?,?,?,?,?,?,?,?,?,?,?,?,?,?,?,?,?,?,?,?,?,?,?,?,?,?,?,-1,6,0,0,3,0,1,3,0,2,21:20,13,16,4,5,6,2,2,2,2,2,10:01,21,14,19,7,5,7,0,1,2,2,08:45,10,0,0,4,0,0,2,0,0,2,20:32,-3,16,13,1,6,5,6,2,2,2,09:06,26
?,?,?,?,?,?,?,?,?,?,?,0,0,0,0,0,0,0,0,0,1,21:52,67,5,2,23,2,1,2,1,1,1,23:22,?,?,?,?,?,?,?,?,?,?,?,?,?,?,?,?,?,?,?,?,?,?,55,0,3,19,0,1,2,0,0,1,18:53,49,26,5,18,9,2,5,1,1,1,23:24,35,18,6,13,6,3,4,0,3,1,23:42,33,2,2,12,1,1,3,1,1,1,17:46,17,50,22,6,17,8,1,1,2,1,14:50,89
?,?,?,?,?,?,?,?,?,?,?,?,?,?,?,?,?,?,?,?,?,?,?,?,?,?,?,?,?,?,?,?,?,?,?,?,?,?,?,?,?,?,?,?,?,?,?,?,?,?,?,?,?,?,?,?,?,?,?,?,?,?,?,?,?,?,30,30,11,11,10,4,3,0,1,1,11:44,6,10,22,2,4,8,0,2,2,1,10:51,1,8,18,1,4,7,2,4,3,1,19:07,18,37,30,7,13,10,3,2,0,1,22:18,85
40,9,22,14,4,8,2,3,2,1,01:00,-1,21,18,1,7,7,4,0,3,1,10:56,?,?,?,?,?,?,?,?,?,?,?,?,?,?,?,?,?,?,?,?,?,?,?,?,?,?,?,?,?,?,?,?,?,?,?,?,?,?,?,?,?,?,?,?,35,7,12,13,3,4,4,2,0,1,11:47,32,13,26,12,5,9,4,2,1,1,18:07,17,0,0,6,0,0,1,0,0,1,18:16,19,41,14,7,14,5,2,1,1,1,23:42,74
?,?,?,?,?,?,?,?,?,?,?,?,?,?,?,?,?,?,?,?,?,?,?,?,?,?,?,?,?,?,?,?,?,20,0,2,7,0,1,1,0,1,1,13:08,36,0,0,12,0,0,0,0,0,1,19:34,32,0,-1,11,0,0,1,0,1,1,21:42,34,8,1,12,3,1,2,1,2,1,21:58,25,8,5,9,3,2,2,1,1,1,18:54,14,16,-1,5,6,0,1,2,1,1,18:48,5,33,27,3,11,9,4,0,0,1,22:28,65
32,11,14,11,5,5,1,4,1,1,19:40,?,?,?,?,?,?,?,?,?,?,?,39,3,4,14,1,2,3,0,2,1,21:13,20,0,17,8,0,6,4,0,1,1,18:39,41,9,7,14,3,3,1,0,2,1,10:25,27,13,8,10,5,3,3,2,1,1,16:43,42,30,2,14,10,1,0,0,1,1,19:34,16,15,12,6,5,5,2,0,3,1,16:12,28,23,7,10,8,3,2,1,2,1,22:16,13,36,15,5,12,5,2,0,0,1,01:21,64
?,?,?,?,?,?,?,?,?,?,?,?,?,?,?,?,?,?,?,?,?,?,?,?,?,?,?,?,?,?,?,1,23:59,?,?,?,?,?,?,?,?,?,?,?,38,15,19,13,5,7,1,0,2,1,23:41,17,23,-2,8,8,0,7,1,2,1,00:26,?,?,?,?,?,?,?,?,?,?,?,28,27,18,10,9,7,2,0,3,1,23:32,17,14,22,6,5,8,1,1,2,1,21:43,23,36,18,8,13,6,1,3,0,1,21:40,77
26,0,2,10,1,1,4,3,1,2,18:50,14,0,0,6,0,0,4,0,0,2,18:02,?,?,?,?,?,?,?,?,?,?,?,10,2,0,5,1,0,5,1,0,1,21:44,25,15,1,10,5,1,5,0,2,2,10:25,?,?,?,?,?,?,?,?,?,?,?,?,?,?,?,?,?,?,?,?,?,?,?,?,?,?,?,?,?,?,?,?,?,16,24,0,6,8,0,2,0,0,2,09:39,15,28,9,5,10,3,0,2,0,2,19:00,52
44,-5,9,18,0,4,10,5,3,1,22:07,28,-1,-3,12,0,1,8,1,6,1,19:58,40,9,0,15,3,0,5,0,0,1,21:22,40,0,3,14,0,1,2,0,0,1,15:38,52,0,0,18,0,0,2,0,0,1,19:10,48,0,0,18,0,0,6,0,0,1,15:26,43,18,3,16,7,1,5,3,0,1,11:58,48,4,0,17,2,0,3,2,0,1,23:25,25,32,15,10,11,5,5,1,0,1,23:50,10,53,23,4,18,8,2,1,1,1,16:57,86
30,2,2,15,3,3,15,7,7,2,22:24,?,?,?,?,?,?,?,?,?,?,?,?,?,?,?,?,?,?,?,?,?,?,?,?,?,?,?,?,?,?,?,?,?,37,15,2,14,5,3,5,0,7,2,21:07,46,11,2,17,5,1,5,4,1,2,21:56,58,14,7,20,6,3,2,4,2,2,10:04,?,?,?,?,?,?,?,?,?,?,?,29,25,-2,11,9,2,4,2,8,2,21:10,4,30,17,3,11,6,5,3,1,2,23:32,51
46,12,14,17,5,6,5,3,4,1,23:08,?,?,?,?,?,?,?,?,?,1,23:45,7,17,7,4,6,4,5,1,5,1,23:34,21,1,8,9,1,4,6,2,4,1,10:46,45,18,18,16,6,6,3,0,0,1,23:31,34,22,11,12,8,4,2,2,1,1,14:31,36,26,11,13,9,4,3,1,1,1,13:54,21,8,14,9,3,6,6,1,4,1,23:08,13,11,16,7,4,6,8,1,2,1,20:31,30,32,15,10,12,5,0,4,0,1,15:48,77
43,6,4,15,2,2,2,0,2,1,14:45,39,6,-1,14,2,0,3,0,1,1,16:22,?,?,?,?,?,?,?,?,?,?,?,39,-2,11,13,0,4,0,2,1,1,20:08,42,8,2,15,3,1,3,1,1,1,20:41,50,3,2,17,1,1,1,0,1,1,20:12,58,18,6,20,6,2,2,0,0,1,20:17,37,12,7,13,4,3,2,0,2,1,20:46,?,?,?,?,?,?,?,?,?,?,?,8,43,30,3,15,10,1,2,0,1,21:47,81
31,-1,4,13,1,2,8,4,2,2,23:36,18,-5,0,8,0,0,6,5,0,2,00:36,12,4,9,5,2,4,3,2,3,2,15:57,17,0,9,7,0,4,4,0,3,2,16:18,13,-2,9,5,0,4,2,2,3,2,07:37,25,6,5,10,3,2,5,3,1,2,09:19,24,10,7,10,4,3,6,2,2,2,22:41,7,0,0,3,0,0,2,0,0,2,18:16,12,24,0,5,9,1,3,3,3,2,16:28,15,19,15,6,7,5,3,2,0,2,23:06,49
46,0,23,16,1,8,2,3,1,1,21:39,?,?,?,?,?,?,?,?,?,1,11:30,?,?,?,?,?,?,?,?,?,?,?,?,?,?,?,?,?,?,?,?,?,?,?,?,?,?,?,?,?,?,?,?,?,23,26,2,9,9,1,4,1,1,1,20:57,43,13,11,15,5,4,2,2,1,1,09:21,12,2,14,6,2,6,6,4,4,1,10:46,10,0,0,4,0,0,2,0,0,1,20:36,26,37,23,9,13,8,1,2,1,1,17:46,86
62,8,12,22,4,4,4,4,0,1,09:45,45,16,-1,16,6,1,3,2,4,1,08:40,?,?,?,?,?,?,?,?,?,?,?,40,9,5,14,3,2,2,0,1,1,18:43,?,?,?,?,?,?,?,?,?,?,?,?,?,?,?,?,?,?,?,?,?,?,63,19,12,21,7,4,0,2,0,1,09:49,39,30,23,14,10,8,3,0,1,1,16:14,?,?,?,?,?,?,?,?,?,?,?,15,47,26,6,16,9,3,1,1,1,18:58,88
?,?,?,?,?,?,?,?,?,?,?,?,?,?,?,?,?,?,?,?,?,?,?,?,?,?,?,?,?,?,?,?,?,33,0,14,12,0,5,3,0,1,2,01:18,47,18,18,16,6,7,1,0,3,1,20:59,17,22,-2,6,8,0,1,2,2,1,14:20,58,30,12,20,10,4,2,0,0,1,13:01,35,24,22,12,8,8,1,0,2,1,19:21,41,34,26,14,12,9,1,2,1,1,00:11,18,42,19,7,15,7,3,3,2,2,23:17,79
0,0,5,0,0,3,0,0,4,1,13:10,0,0,12,0,0,5,0,0,3,1,20:21,0,14,6,0,5,4,0,1,6,1,10:50,29,0,5,11,1,2,4,3,1,1,17:40,0,11,-4,0,4,0,0,1,4,1,16:50,38,3,11,13,2,4,1,3,1,1,15:01,39,30,12,14,10,4,3,0,0,1,13:33,11,22,5,6,8,3,7,2,4,1,01:54,19,39,8,7,13,4,2,0,4,1,16:08,13,37,27,5,14,9,2,5,0,1,12:53,77
?,?,?,?,?,?,?,?,?,?,?,?,?,?,?,?,?,?,?,?,?,?,-1,0,0,4,0,0,13,0,0,2,15:14,?,?,?,?,?,?,?,?,?,?,?,?,?,?,?,?,?,?,?,?,?,?,35,30,15,15,10,5,10,0,0,2,18:46,?,?,?,?,?,?,?,?,?,?,?,12,18,14,8,7,6,12,3,4,2,09:55,-3,21,18,3,9,7,12,6,3,2,20:47,18,4,22,7,6,8,3,14,2,2,17:42,44
36,12,4,13,5,2,3,3,2,1,09:37,22,16,-2,9,6,1,5,2,5,1,10:24,40,2,0,15,1,0,5,1,0,1,11:12,?,?,?,?,?,?,?,?,?,1,19:21,?,?,?,?,?,?,?,?,?,?,?,?,?,?,?,?,?,?,?,?,?,?,?,?,?,?,?,?,?,?,?,?,?,?,?,?,?,?,?,?,?,?,1,10:48,3,0,0,2,0,0,3,0,0,1,11:59,14,14,0,6,7,0,4,7,0,1,18:08,28
63,2,3,22,2,1,3,4,0,2,19:49,29,0,0,11,0,0,4,0,0,1,21:02,35,0,-1,13,0,0,4,0,1,2,17:40,37,-1,0,13,0,0,2,1,0,1,00:51,?,?,?,?,?,?,?,?,?,?,?,?,?,?,?,?,?,?,?,?,?,?,31,30,8,11,10,3,2,0,1,1,21:50,?,?,?,?,?,?,?,?,?,?,?,22,34,18,9,12,7,5,2,3,1,19:26,23,47,14,8,16,5,1,1,1,1,10:48,84
12,7,0,7,3,2,9,2,6,2,23:24,14,2,2,11,3,3,19,7,7,2,22:44,6,2,6,9,3,4,21,7,6,2,18:24,8,3,10,7,2,5,13,3,5,2,12:01,19,-2,-2,11,2,2,14,8,8,2,21:28,-1,6,-1,6,4,1,19,6,4,2,22:42,15,2,-1,10,3,1,15,7,4,2,09:54,4,-2,2,6,2,3,14,8,7,2,21:20,-3,1,-6,3,4,1,12,11,9,2,09:51,2,12,2,3,8,3,7,12,7,2,09:47,16
?,?,?,?,?,?,?,?,?,?,?,?,?,?,?,?,?,?,?,?,?,?,?,?,?,?,?,?,?,?,?,?,?,14,-1,-2,7,0,2,7,1,8,1,13:25,?,?,?,?,?,?,?,?,?,?,?,24,0,0,10,0,0,6,0,0,1,11:19,18,18,1,7,6,1,3,0,2,1,12:02,8,5,-5,4,2,0,4,1,5,1,22:03,12,12,4,5,4,2,3,0,2,1,11:51,10,14,3,4,6,1,2,4,0,1,19:13,27
11,2,18,7,3,7,10,7,3,2,21:33,-6,-6,6,6,1,4,24,9,6,2,19:55,?,?,?,?,?,?,?,?,?,?,?,?,?,?,?,?,?,?,?,?,?,?,?,?,?,?,?,?,?,?,?,?,?,?,?,?,?,?,?,?,?,?,?,?,?,?,?,?,?,?,?,?,?,?,?,4,2,2,6,3,3,14,7,7,2,14:28,17,13,10,8,7,5,7,8,5,1,19:52,18,19,23,7,7,8,3,2,1,2,00:24,60
39,4,4,14,2,2,3,2,2,1,00:18,?,?,?,?,?,?,?,?,?,1,22:26,?,?,?,?,?,?,?,?,?,1,00:00,18,12,5,8,4,2,6,0,1,1,11:07,29,15,19,12,5,7,7,0,2,1,13:36,32,19,0,12,7,1,4,2,3,1,10:24,0,0,0,0,0,0,0,0,0,1,11:54,34,22,8,12,8,4,2,2,4,1,14:22,20,30,9,8,11,4,4,3,3,1,22:00,?,?,?,?,?,?,?,?,?,1,01:12,#VALUE!
-2,-10,6,7,0,4,23,10,6,1,23:55,?,?,?,?,?,?,?,?,?,?,?,?,?,?,?,?,?,?,?,?,?,?,?,?,?,?,?,?,?,?,?,?,?,32,12,2,12,4,1,4,0,1,1,01:21,27,14,9,10,5,3,3,1,0,1,23:48,26,15,1,10,6,1,4,3,2,1,21:59,?,?,?,?,?,?,?,?,?,?,?,21,13,2,8,5,2,3,2,4,1,16:36,12,29,16,5,10,6,3,1,2,1,19:55,57
?,?,?,?,?,?,?,?,?,?,?,?,?,?,?,?,?,?,?,?,?,?,55,-1,0,19,0,0,2,1,0,1,23:51,43,3,15,15,2,5,2,3,0,1,15:54,?,?,?,?,?,?,?,?,?,?,?,?,?,?,?,?,?,?,?,?,?,?,49,9,1,17,3,1,2,0,2,1,20:58,?,?,?,?,?,?,?,?,?,?,?,37,36,16,13,12,6,2,0,2,1,18:04,19,47,8,7,16,3,2,1,1,1,13:52,74
?,?,?,?,?,?,?,?,?,?,?,?,?,?,?,?,?,?,?,?,?,?,48,4,3,17,2,1,3,2,0,2,07:00,?,?,?,?,?,?,?,?,?,?,?,?,?,?,?,?,?,?,?,?,?,?,?,?,?,?,?,?,?,?,?,?,?,49,18,4,18,7,2,5,3,2,2,15:19,0,0,0,0,0,0,0,0,0,2,18:55,11,15,0,4,5,0,1,0,0,2,06:21,4,0,0,2,0,0,2,0,0,2,07:16,4
59,5,17,21,3,6,4,4,1,1,09:52,39,0,5,14,0,2,3,0,1,1,17:28,?,?,?,?,?,?,?,?,?,?,?,?,?,?,?,?,?,?,?,?,?,?,?,?,?,?,?,?,?,?,?,?,?,?,?,?,?,?,?,?,?,?,?,?,60,18,11,21,6,4,3,0,1,1,12:24,31,-1,20,12,1,7,5,4,1,1,17:36,18,32,26,8,11,9,6,1,1,1,12:42,22,56,22,8,19,8,2,1,2,1,17:28,100
5,10,5,2,4,2,1,2,1,1,11:16,?,?,?,?,?,?,?,?,?,?,?,?,?,?,?,?,?,?,?,?,?,?,?,?,?,?,?,?,?,?,?,?,?,?,?,?,?,?,?,?,?,?,?,?,21,0,0,9,0,0,6,0,0,1,10:55,34,8,12,12,3,4,2,1,0,1,23:30,0,2,0,0,1,0,0,1,0,1,10:42,?,?,?,?,?,?,?,?,?,?,?,3,22,5,1,9,2,0,5,1,1,22:11,30
?,?,?,?,?,?,?,?,?,?,?,?,?,?,?,?,?,?,?,?,?,?,?,?,?,?,?,?,?,?,?,?,?,41,-4,26,14,0,9,1,4,1,1,23:07,37,26,18,14,9,7,5,1,3,1,23:38,?,?,?,?,?,?,?,?,?,?,?,67,30,7,23,10,3,2,0,2,1,23:06,?,?,?,?,?,?,?,?,?,?,?,?,?,?,?,?,?,?,?,?,?,?,26,32,26,9,13,9,1,7,1,1,22:37,84
?,?,?,?,?,?,?,?,?,?,?,6,-10,10,9,0,5,21,10,5,2,21:15,30,6,-6,15,4,1,15,6,9,1,23:11,36,-5,14,14,0,6,6,5,4,1,23:07,35,-2,-2,15,2,2,10,8,8,1,22:23,23,-2,3,12,2,2,13,8,3,1,22:33,59,30,15,21,10,5,4,0,0,1,13:49,28,4,6,12,3,4,8,5,6,2,22:36,?,?,?,?,?,?,?,?,?,?,?,21,39,23,7,13,8,0,0,1,1,13:35,83
2,-2,6,8,2,4,22,8,6,1,19:28,-2,-2,-2,7,2,2,23,8,8,1,13:36,6,14,3,9,6,3,21,4,6,1,11:49,12,-1,18,8,1,7,12,4,3,1,13:55,7,-2,-10,8,2,0,17,8,10,2,23:30,35,26,-1,15,9,1,10,1,4,1,10:26,63,30,7,22,10,3,3,0,2,1,21:28,44,22,26,16,8,9,4,2,1,1,11:25,29,29,18,11,11,7,4,4,3,1,19:22,22,35,22,8,13,8,2,4,2,2,09:18,79
24,4,11,12,2,4,12,2,1,2,23:01,0,0,0,0,0,0,0,0,0,2,23:00,86,27,30,29,9,10,1,0,0,2,23:42,9,-1,8,6,0,3,9,1,1,2,21:19,11,0,-1,4,0,0,1,0,1,2,00:36,10,3,0,4,1,0,2,0,0,2,00:03,47,0,3,17,0,1,4,0,0,2,19:23,19,1,3,7,1,1,2,2,0,2,21:43,20,8,2,7,3,1,1,1,1,2,22:22,30,60,19,10,20,7,0,0,2,2,23:37,109
45,-3,3,18,0,1,9,3,0,2,18:43,21,21,-3,11,7,0,12,0,3,1,21:53,0,0,0,0,0,0,0,0,0,1,22:52,27,4,0,11,2,0,6,2,0,1,22:00,33,3,-3,14,1,1,9,0,6,1,17:21,51,0,0,18,0,0,3,0,0,1,21:54,57,14,0,20,5,0,3,1,0,1,14:43,40,15,6,15,5,2,5,0,0,1,23:43,17,12,8,8,5,3,7,3,1,1,01:59,14,33,0,5,13,0,1,6,0,1,18:20,47
46,10,14,19,5,6,11,5,4,1,11:11,?,?,?,?,?,?,?,?,?,?,?,?,?,?,?,?,?,?,?,?,?,?,51,11,9,17,4,4,0,1,3,1,15:29,32,13,18,13,5,7,7,2,3,1,12:23,46,30,7,16,10,3,2,0,2,1,10:35,32,30,11,13,10,4,7,0,1,1,13:34,12,22,22,7,8,8,9,2,2,1,11:23,?,?,?,?,?,?,?,?,?,?,?,22,37,26,8,14,9,2,5,1,1,13:12,85
?,?,?,?,?,?,?,?,?,?,?,45,-3,-7,17,0,0,6,3,7,1,11:54,30,0,0,10,0,0,0,0,0,1,15:53,?,?,?,?,?,?,?,?,?,?,?,?,?,?,?,?,?,?,?,?,?,?,?,?,?,?,?,?,?,?,?,?,?,71,30,15,24,10,5,1,0,0,1,23:08,?,?,?,?,?,?,?,?,?,?,?,?,?,?,?,?,?,?,?,?,?,?,5,26,12,2,9,4,1,1,0,1,17:10,43
?,?,?,?,?,?,?,?,?,?,?,?,?,?,?,?,?,?,?,?,?,?,?,?,?,?,?,?,?,?,?,?,?,?,?,?,?,?,?,?,?,?,?,?,?,?,?,?,?,?,?,?,?,?,?,?,?,?,?,?,?,?,?,?,?,?,36,24,2,12,8,1,0,0,1,1,21:11,13,0,0,5,0,0,2,0,0,1,18:46,10,2,18,5,1,6,5,1,0,1,21:38,7,17,27,3,7,9,2,4,0,1,21:07,51
?,?,?,?,?,?,?,?,?,?,?,?,?,?,?,?,?,?,?,?,?,?,?,?,?,?,?,?,?,?,?,?,?,19,-1,3,9,0,2,8,1,3,2,20:04,4,0,0,7,0,0,17,0,0,1,21:08,?,?,?,?,?,?,?,?,?,?,?,44,15,8,16,5,3,4,0,1,1,21:02,?,?,?,?,?,?,?,?,?,?,?,?,?,?,?,?,?,?,?,?,?,?,26,12,15,9,4,5,1,0,0,1,23:20,53
35,-1,3,14,1,1,7,4,0,1,21:08,0,0,0,0,0,0,0,0,0,1,01:21,50,11,0,17,4,2,1,1,6,1,18:20,33,4,10,12,2,4,3,2,2,1,12:06,37,16,1,14,6,1,5,2,2,1,23:43,25,18,11,10,7,4,5,3,1,1,22:39,65,30,15,22,10,5,1,0,0,1,22:11,39,20,27,14,7,9,3,1,0,1,18:52,37,38,26,13,13,9,2,1,1,1,21:32,22,48,26,8,17,9,2,3,1,1,17:52,96
?,?,?,?,?,?,?,?,?,?,?,?,?,?,?,?,?,?,?,?,?,?,?,?,?,?,?,?,?,?,?,?,?,?,?,?,?,?,?,?,?,?,?,?,?,?,?,?,?,?,?,?,?,?,?,20,-1,11,9,2,4,7,7,1,1,22:03,0,0,0,0,0,0,0,0,0,1,16:11,?,?,?,?,?,?,?,?,?,?,?,15,0,6,6,0,2,3,0,0,1,21:19,12,13,8,5,5,3,3,2,1,1,21:50,33
52,2,10,18,2,4,2,4,2,1,22:20,23,1,0,11,1,0,10,2,0,1,20:04,22,0,0,10,0,0,8,0,0,1,18:51,11,0,6,6,1,3,7,3,3,1,22:14,?,?,?,?,?,?,?,?,?,?,?,?,?,?,?,?,?,?,?,?,?,?,31,18,11,13,6,4,8,0,1,1,21:08,25,15,11,10,5,4,5,0,1,1,10:24,8,15,12,5,5,5,7,0,3,1,11:55,23,8,15,8,3,6,1,1,3,1,22:17,46
?,?,?,?,?,?,?,?,?,?,?,?,?,?,?,?,?,?,?,?,?,?,?,?,?,?,?,?,?,?,?,?,?,?,?,?,?,?,?,?,?,?,?,?,?,?,?,?,?,?,?,?,?,?,?,?,?,?,?,?,?,?,?,?,?,?,37,19,11,14,7,4,5,2,1,1,09:59,28,20,14,11,7,6,5,1,4,1,23:44,41,30,18,14,11,7,1,3,3,1,10:01,22,42,22,8,15,8,2,3,2,1,09:43,86
?,?,?,?,?,?,?,?,?,?,?,24,3,0,11,1,0,9,0,0,2,19:01,?,?,?,?,?,?,?,?,?,?,?,?,?,?,?,?,?,?,?,?,?,?,38,16,9,14,6,4,4,2,3,1,18:39,?,?,?,?,?,?,?,?,?,?,?,42,23,0,16,8,1,6,1,3,2,22:19,?,?,?,?,?,?,?,?,?,?,?,?,?,?,?,?,?,?,?,?,?,?,2,40,14,3,15,5,7,5,1,2,22:58,56
?,?,?,?,?,?,?,?,?,1,22:36,-18,-6,-2,3,1,2,27,9,8,1,12:51,?,?,?,?,?,?,?,?,?,?,?,?,?,?,?,?,?,?,?,?,?,?,?,?,?,?,?,?,?,?,?,?,?,?,?,?,?,?,?,?,?,?,?,?,11,-6,-1,9,1,1,16,9,4,1,23:27,?,?,?,?,?,?,?,?,?,?,?,-7,5,-2,2,5,2,13,10,8,1,21:27,6,-20,6,4,0,4,6,20,6,1,09:14,-8
?,?,?,?,?,?,?,?,?,?,?,22,10,7,13,5,4,17,5,5,1,17:59,47,-2,-6,19,2,1,10,8,9,1,13:00,9,3,22,7,2,8,12,3,2,1,19:41,?,?,?,?,?,?,?,?,?,?,?,20,22,7,11,8,3,13,2,2,1,20:09,12,22,3,7,8,2,9,2,3,1,13:14,24,-2,10,11,2,5,9,8,5,1,20:12,21,21,14,9,9,6,6,6,4,1,14:00,14,31,18,6,11,7,4,2,3,1,13:48,63
?,?,?,?,?,?,?,?,?,?,?,20,0,0,7,0,0,1,0,0,1,17:44,26,-1,0,9,0,0,1,1,0,1,21:33,28,0,0,10,0,0,2,0,0,1,18:34,44,0,0,16,0,0,4,0,0,1,23:46,25,0,0,9,0,0,2,0,0,1,22:49,?,?,?,?,?,?,?,?,?,?,?,22,0,-2,9,0,0,5,0,2,1,11:30,35,0,1,12,0,1,1,0,2,1,23:57,0,30,0,0,10,0,0,0,0,1,08:51,30
?,?,?,?,?,?,?,?,?,2,03:03,?,?,?,?,?,?,?,?,?,2,03:07,46,0,0,17,0,0,5,0,0,2,14:38,39,4,4,14,2,2,3,2,2,1,22:40,37,15,-1,13,5,0,2,0,1,1,14:20,47,15,15,17,5,5,4,0,0,1,18:38,53,30,7,19,10,3,4,0,2,1,17:47,29,26,22,11,9,8,4,1,2,1,16:32,26,29,5,10,10,2,4,1,1,1,13:50,26,46,18,9,16,7,1,2,3,1,18:28,90
?,?,?,?,?,?,?,?,?,2,22:16,?,?,?,?,?,?,?,?,?,?,?,?,?,?,?,?,?,?,?,?,?,?,?,?,?,?,?,?,?,?,?,?,?,12,6,0,5,2,0,3,0,0,1,21:48,2,0,0,1,0,0,1,0,0,1,19:36,?,?,?,?,?,?,?,?,?,?,?,9,4,8,5,3,3,6,5,1,1,22:21,?,?,?,?,?,?,?,?,?,?,?,4,19,8,2,8,3,2,5,1,1,10:10,31
2,2,6,8,3,2,22,7,0,1,14:47,-6,14,-2,6,6,2,24,4,8,1,16:47,6,14,2,9,6,3,21,4,7,1,10:11,4,-1,2,6,1,3,14,4,7,1,13:36,-5,-2,-2,5,2,2,20,8,8,1,13:40,-9,-2,7,4,2,3,21,8,2,1,13:43,-13,2,-1,3,3,1,22,7,4,1,13:55,0,-10,-2,5,0,2,15,10,8,1,13:57,13,9,-2,7,6,2,8,9,8,1,13:59,10,8,-6,5,7,1,5,13,9,1,14:01,12
39,5,3,15,3,1,6,4,0,2,07:14,?,?,?,?,?,?,?,?,?,?,?,?,?,?,?,?,?,?,?,?,?,?,?,?,?,?,?,?,?,?,?,?,?,39,0,2,14,0,1,3,0,1,2,19:16,52,19,5,18,7,2,2,2,1,2,14:10,38,14,5,15,5,2,7,1,1,2,18:55,21,10,0,10,5,2,9,5,6,2,11:42,21,37,10,9,13,5,6,2,5,2,10:37,11,42,26,5,15,9,4,3,1,2,17:39,79
?,?,?,?,?,?,?,?,?,?,?,?,?,?,?,?,?,?,?,?,?,?,?,?,?,?,?,?,?,?,?,?,?,?,?,?,?,?,?,?,?,?,?,?,?,?,?,?,?,?,?,?,?,?,?,?,?,?,?,?,?,?,?,?,?,?,25,14,5,9,6,2,2,4,1,1,13:59,18,4,14,7,2,6,3,2,4,1,23:06,20,12,10,8,5,4,4,3,2,1,14:58,8,44,18,4,15,6,4,1,0,1,20:59,70
?,?,?,?,?,?,?,?,?,?,?,?,?,?,?,?,?,?,?,?,?,?,?,?,?,?,?,?,?,?,?,?,?,24,0,19,9,0,7,3,0,2,1,15:55,59,15,2,20,5,1,1,0,1,1,10:06,41,-1,0,15,0,0,4,1,0,1,11:11,53,30,15,18,10,5,1,0,0,1,13:38,29,9,22,10,4,8,1,3,2,1,14:14,33,45,23,12,15,8,3,0,1,1,14:32,18,26,23,7,10,8,3,4,1,2,15:16,67
?,?,?,?,?,?,?,?,?,?,?,?,?,?,?,?,?,?,?,?,?,?,37,19,0,15,7,1,8,2,3,2,19:36,46,8,2,16,3,2,2,1,4,2,19:18,58,10,3,20,4,3,2,2,6,2,20:29,56,12,4,20,5,2,4,3,2,2,20:19,35,26,8,14,9,3,7,1,1,2,20:33,30,18,6,11,7,3,3,3,3,2,10:06,33,33,5,12,12,3,3,3,4,2,19:57,16,46,30,6,16,10,2,2,0,2,21:52,92
?,?,?,?,?,?,?,?,?,?,?,?,?,?,?,?,?,?,?,?,?,?,?,?,?,?,?,?,?,?,?,?,?,?,?,?,?,?,?,?,?,?,?,?,?,?,?,?,?,?,?,?,?,?,?,11,22,4,5,8,2,4,2,2,1,10:37,19,18,11,7,6,4,2,0,1,1,21:11,20,1,6,8,2,4,4,5,6,1,16:58,?,?,?,?,?,?,?,?,?,?,?,6,4,12,4,2,4,6,2,0,1,22:36,22
21,7,18,9,3,7,6,2,3,1,09:59,22,11,0,9,4,1,5,1,3,1,18:06,28,8,3,10,4,3,2,4,6,1,11:31,20,3,16,8,2,6,4,3,2,1,12:38,19,6,7,8,3,4,5,3,5,1,19:21,34,11,12,12,5,4,2,4,0,1,15:53,28,17,15,11,6,5,5,1,0,1,11:07,24,-1,10,9,1,5,3,4,5,1,09:34,17,25,19,7,10,7,4,5,2,1,11:25,19,27,18,7,10,7,2,3,3,1,11:52,64
?,?,?,?,?,?,?,?,?,?,?,?,?,?,?,?,?,?,?,?,?,?,42,6,-2,17,4,2,9,6,8,1,11:14,19,3,18,9,2,7,8,3,3,1,10:46,31,11,15,13,5,6,8,4,3,1,22:00,45,10,0,16,5,1,3,5,3,1,21:16,60,18,11,21,7,4,3,3,1,2,23:57,24,26,19,9,9,7,3,1,2,2,18:58,18,29,7,8,10,3,6,1,2,2,19:10,19,35,30,7,13,10,2,4,0,1,19:07,84
?,?,?,?,?,?,?,?,?,?,?,?,?,?,?,?,?,?,?,?,?,?,?,?,?,?,?,?,?,?,?,?,?,?,?,?,?,?,?,?,?,?,?,?,45,12,-2,16,4,0,3,0,2,2,13:15,21,0,0,9,1,0,6,3,0,2,21:01,43,27,3,15,9,1,2,0,0,2,07:03,16,5,7,6,3,3,2,4,2,2,07:05,?,?,?,?,?,?,?,?,?,?,?,24,38,26,8,13,9,0,1,1,2,20:22,88
17,0,3,6,0,1,1,0,0,1,23:39,?,?,?,?,?,?,?,?,?,?,?,?,?,?,?,?,?,?,?,?,?,?,15,4,26,6,2,9,3,2,1,1,22:20,40,8,13,15,3,5,5,1,2,1,23:20,?,?,?,?,?,?,?,?,?,?,?,35,0,0,12,0,0,1,0,0,2,19:17,?,?,?,?,?,?,?,?,?,?,?,?,?,?,?,?,?,?,?,?,?,?,-6,2,2,1,5,3,9,13,7,1,13:02,-2
0,0,3,0,0,1,0,0,0,1,21:33,5,0,-4,4,0,1,7,0,7,1,19:40,11,11,-1,5,4,2,4,1,7,1,19:02,?,?,?,?,?,?,?,?,?,1,15:56,18,0,0,7,0,0,3,0,0,1,12:28,?,?,?,?,?,?,?,?,?,?,?,38,15,6,14,5,2,4,0,0,1,17:57,-4,1,5,1,1,3,7,2,4,1,18:27,15,11,3,7,4,1,6,1,0,1,11:16,5,30,23,3,11,8,4,3,1,1,23:19,58
61,5,12,21,3,5,2,4,3,1,08:05,?,?,?,?,?,?,?,?,?,?,?,?,?,?,?,?,?,?,?,?,?,?,?,?,?,?,?,?,?,?,?,?,?,45,16,9,16,6,4,3,2,3,1,19:23,49,7,7,18,4,3,5,5,2,1,21:57,47,26,11,17,9,4,4,1,1,1,18:04,25,5,7,10,3,4,5,4,5,1,17:19,25,37,7,10,13,4,5,2,5,1,23:29,12,47,14,5,16,6,3,1,4,1,23:18,73
32,18,15,13,7,6,7,3,3,1,10:53,2,6,0,3,2,0,7,0,0,1,00:28,0,0,0,0,0,0,0,0,0,1,22:50,?,?,?,?,?,?,?,?,?,?,?,?,?,?,?,?,?,?,?,?,?,?,?,?,?,?,?,?,?,?,?,?,?,?,?,?,?,?,?,?,?,?,?,?,12,18,22,7,7,8,9,3,2,1,17:36,28,17,22,10,7,8,2,4,2,1,20:22,18,34,7,7,12,4,3,2,5,1,20:13,59
?,?,?,?,?,?,?,?,?,?,?,?,?,?,?,?,?,?,?,?,?,?,?,?,?,?,?,?,?,?,?,?,?,?,?,?,?,?,?,?,?,?,?,?,?,?,?,?,?,?,?,?,?,?,?,?,?,?,?,?,?,?,?,?,?,?,37,26,5,13,9,2,2,1,1,1,09:36,26,23,14,11,8,6,7,1,4,1,22:44,1,0,9,4,0,4,11,0,3,1,00:16,19,31,30,7,11,10,2,2,0,1,23:58,80
34,5,2,13,2,1,5,1,1,1,15:13,17,26,4,6,9,2,1,1,2,1,22:23,30,7,5,10,3,3,0,2,4,1,20:37,13,4,19,6,2,7,5,2,2,1,18:09,17,1,18,7,1,6,4,2,0,1,22:40,25,26,3,9,9,1,2,1,0,1,20:20,43,22,8,15,8,3,2,2,1,2,23:47,?,?,?,?,?,?,?,?,?,?,?,?,?,?,?,?,?,?,?,?,?,?,26,33,27,9,11,9,1,0,0,1,17:12,86
11,0,3,4,0,1,1,0,0,1,10:48,-1,0,0,0,0,0,1,0,0,1,11:09,?,?,?,?,?,?,?,?,?,?,?,?,?,?,?,?,?,?,?,?,?,?,?,?,?,?,?,?,?,?,?,?,?,35,11,0,14,5,1,7,4,3,1,10:01,25,23,9,10,8,3,5,1,0,1,13:06,14,10,10,8,5,5,10,5,5,1,09:32,25,33,11,10,12,5,5,3,4,1,10:01,14,38,14,6,14,6,4,4,4,1,17:12,66
?,?,?,?,?,?,?,?,?,?,?,8,7,1,3,3,2,1,2,5,1,22:51,22,2,-1,10,1,1,8,1,4,1,17:32,30,7,24,11,3,8,3,2,0,1,18:48,0,0,0,0,0,0,0,0,0,2,14:12,20,7,7,8,4,3,4,5,2,1,18:12,22,14,3,9,5,2,5,1,3,1,14:04,28,26,14,10,9,6,2,1,4,1,10:50,11,13,10,5,5,4,4,2,2,1,15:39,0,38,19,2,13,7,6,1,2,1,13:38,57
52,-1,16,18,2,6,2,7,2,1,20:13,37,9,8,13,4,4,2,3,4,1,13:31,?,?,?,?,?,?,?,?,?,?,?,?,?,?,?,?,?,?,?,?,?,?,?,?,?,?,?,?,?,?,?,?,?,37,18,7,14,7,3,5,3,2,1,10:41,40,16,11,15,6,4,5,2,1,1,10:05,20,20,10,9,7,5,7,1,5,1,15:18,21,33,18,8,12,7,3,3,3,1,17:02,19,33,23,7,12,8,2,3,1,1,13:40,75
43,0,16,16,1,6,5,3,2,1,22:38,30,9,1,11,3,2,3,0,5,1,21:18,29,12,10,10,4,4,1,0,2,1,21:56,33,11,17,11,4,6,0,1,1,1,22:19,?,?,?,?,?,?,?,?,?,?,?,41,27,12,14,9,4,1,0,0,1,23:00,43,30,12,15,10,4,2,0,0,1,22:14,?,?,?,?,?,?,?,?,?,?,?,?,?,?,?,?,?,?,?,?,?,?,22,33,30,8,12,10,2,3,0,1,13:33,85
?,?,?,?,?,?,?,?,?,?,?,?,?,?,?,?,?,?,?,?,?,?,1,7,0,5,3,0,14,2,0,2,16:40,19,0,0,9,0,0,8,0,0,2,17:06,26,6,0,10,3,0,4,3,0,2,21:21,23,-5,3,9,0,1,4,5,0,2,15:04,16,0,0,9,0,0,11,0,0,2,15:39,22,0,-2,9,0,1,5,0,5,2,19:44,4,7,0,4,3,1,8,2,3,2,08:14,23,16,0,8,7,0,1,5,0,2,21:45,39
36,0,3,14,0,1,6,0,0,1,22:33,19,24,-1,7,8,0,2,0,1,1,21:41,24,23,0,9,8,0,3,1,0,1,21:33,29,4,20,10,2,7,1,2,1,1,18:09,40,27,3,15,9,1,5,0,0,1,10:11,40,7,5,14,3,2,2,2,1,1,21:17,?,?,?,?,?,?,?,?,?,?,?,?,?,?,?,?,?,?,?,?,?,?,?,?,?,?,?,?,?,?,?,?,?,27,39,26,9,13,9,0,0,1,1,23:23,92
?,?,?,?,?,?,?,?,?,?,?,?,?,?,?,?,?,?,?,?,?,?,?,?,?,?,?,?,?,?,?,?,?,?,?,?,?,?,?,?,?,?,?,?,?,?,?,?,?,?,?,?,?,?,?,?,?,?,?,?,?,?,?,?,?,?,7,10,3,8,5,2,17,5,3,1,16:38,12,0,2,5,0,3,3,0,7,1,13:18,-3,13,10,3,7,5,12,8,5,1,16:03,14,25,10,6,11,4,4,8,2,1,12:15,49
?,?,?,?,?,?,?,?,?,?,?,?,?,?,?,?,?,?,?,?,?,?,?,?,?,?,?,?,?,?,?,?,?,?,?,?,?,?,?,?,?,?,?,?,?,?,?,?,?,?,?,?,?,?,?,?,?,?,?,?,?,?,?,?,?,?,35,6,6,13,3,2,4,3,0,1,23:19,15,1,10,6,1,4,3,2,2,1,19:31,13,6,9,6,4,3,5,6,0,1,21:54,14,35,15,6,13,5,4,4,0,1,20:47,64
0,0,3,0,0,1,0,0,0,1,14:11,0,0,0,0,0,0,0,0,0,1,13:02,?,?,?,?,?,?,?,?,?,?,?,?,?,?,?,?,?,?,?,?,?,?,?,?,?,?,?,?,?,?,?,?,?,?,?,?,?,?,?,?,?,?,?,?,24,14,11,9,5,4,3,1,1,1,16:51,11,15,0,5,5,0,4,0,0,1,14:19,9,24,3,5,9,3,6,3,6,1,20:32,14,27,16,6,10,6,4,3,2,1,16:39,57
?,?,?,?,?,?,?,?,?,?,?,?,?,?,?,?,?,?,?,?,?,?,?,?,?,?,?,?,?,?,?,?,?,?,?,?,?,?,?,?,?,?,?,?,?,?,?,?,?,?,?,?,?,?,?,36,12,15,13,5,5,3,3,0,1,22:29,37,23,4,14,8,2,5,1,2,2,18:25,12,0,0,4,0,0,0,0,0,1,23:08,21,38,9,8,13,4,3,1,3,2,18:24,20,43,15,7,15,6,1,2,3,1,22:58,78
?,?,?,?,?,?,?,?,?,?,?,?,?,?,?,?,?,?,?,?,?,?,?,?,?,?,?,?,?,?,?,?,?,?,?,?,?,?,?,?,?,?,?,?,?,?,?,?,?,?,?,?,?,?,?,?,?,?,?,?,?,?,?,?,?,?,25,15,6,9,6,2,2,3,0,1,14:47,6,0,0,2,0,0,0,0,0,1,13:18,22,6,3,8,2,2,2,0,3,1,11:58,1,29,23,2,10,8,5,1,1,1,14:05,53
35,11,0,14,5,2,7,4,6,1,14:00,28,0,1,12,2,1,8,6,2,1,21:56,53,16,-2,19,6,0,4,2,2,1,22:43,19,0,10,8,0,4,5,0,2,2,17:47,40,3,5,15,3,3,5,6,4,2,21:17,53,16,11,19,6,4,4,2,1,2,17:46,47,15,2,17,6,1,4,3,1,2,12:16,38,-1,1,13,2,2,1,7,5,1,19:43,20,34,-2,8,12,1,4,2,5,2,16:12,13,49,27,5,17,9,2,2,0,2,19:35,89
22,4,19,9,2,7,5,2,2,1,19:40,10,13,1,4,5,2,2,2,5,1,18:07,23,0,3,9,0,2,4,0,3,1,10:50,29,-2,11,10,0,5,1,2,4,1,13:50,21,8,10,8,3,4,3,1,2,1,14:00,26,22,11,9,8,4,1,2,1,1,17:40,0,0,0,0,0,0,0,0,0,2,15:57,?,?,?,?,?,?,?,?,?,?,?,?,?,?,?,?,?,?,?,?,?,?,19,25,15,7,9,6,2,2,3,1,20:16,59
?,?,?,?,?,?,?,?,?,?,?,?,?,?,?,?,?,?,?,?,?,?,?,?,?,?,?,?,?,?,?,?,?,?,?,?,?,?,?,?,?,?,?,?,27,9,0,10,3,0,3,0,0,1,18:09,?,?,?,?,?,?,?,?,?,?,?,38,9,3,13,4,2,1,3,3,1,09:19,11,14,11,5,5,5,4,1,4,2,14:30,10,18,6,4,7,4,2,3,6,2,20:42,12,22,15,5,9,6,3,5,3,2,15:59,49
13,0,3,6,0,1,5,0,0,2,22:35,0,0,0,0,0,0,0,0,0,2,23:59,22,0,-1,9,0,0,5,0,1,1,10:59,21,0,15,8,0,5,3,0,0,1,21:48,34,-1,-2,12,0,0,2,1,2,2,10:27,12,6,0,5,3,0,3,3,0,2,19:10,23,10,6,9,4,2,4,2,0,1,15:46,20,0,2,8,0,2,4,0,4,2,22:57,17,5,3,6,3,1,1,4,0,1,18:14,2,25,10,1,9,4,1,2,2,1,18:47,37
37,0,3,13,0,1,2,0,0,2,13:06,8,18,0,5,6,1,7,0,3,2,22:18,43,8,6,15,3,2,2,1,0,2,23:41,19,-1,8,7,0,3,2,1,1,2,23:06,15,0,7,6,0,3,3,0,2,2,13:32,27,6,0,10,2,0,3,0,0,2,23:33,23,8,3,8,3,1,1,1,0,2,20:03,16,0,4,7,0,2,5,0,2,2,23:51,15,3,3,5,1,1,0,0,0,2,22:32,3,26,8,1,9,3,0,1,1,2,23:33,37
?,?,?,?,?,?,?,?,?,?,?,?,?,?,?,?,?,?,?,?,?,?,?,?,?,?,?,?,?,?,?,?,?,?,?,?,?,?,?,?,?,?,?,?,28,10,-1,11,4,1,5,2,4,1,23:02,30,2,0,12,1,0,6,1,0,1,14:57,33,22,11,13,8,4,6,2,1,1,18:38,?,?,?,?,?,?,?,?,?,?,?,?,?,?,?,?,?,?,?,?,?,?,14,43,22,5,15,8,1,2,2,1,18:34,79
17,4,3,6,2,2,1,2,3,1,14:18,5,0,0,2,0,0,1,0,0,1,19:42,?,?,?,?,?,?,?,?,?,?,?,28,0,6,10,0,4,2,0,6,1,23:34,?,?,?,?,?,?,?,?,?,?,?,19,7,0,8,4,0,5,5,0,1,09:23,31,23,8,12,8,3,5,1,1,1,09:00,0,0,0,0,0,0,0,0,0,1,14:56,20,12,3,8,5,3,4,3,6,1,13:55,-6,14,0,0,5,0,6,1,0,1,10:24,8
53,14,16,19,6,6,4,4,2,1,23:56,?,?,?,?,?,?,?,?,?,?,?,?,?,?,?,?,?,?,?,?,?,?,17,7,18,8,3,7,7,2,3,1,21:27,43,14,18,16,5,7,5,1,3,1,21:56,19,15,11,9,6,4,8,3,1,1,21:58,42,22,11,16,8,4,6,2,1,1,16:22,16,-1,15,7,0,6,5,1,3,1,18:49,21,41,15,8,14,6,3,1,3,1,22:44,14,33,27,6,12,9,4,3,0,1,23:16,74
0,0,3,0,0,1,0,0,0,2,20:13,?,?,?,?,?,?,?,?,?,?,?,?,?,?,?,?,?,?,?,?,?,?,?,?,?,?,?,?,?,?,?,?,?,?,?,?,?,?,?,?,?,?,?,?,2,6,-2,2,4,0,4,6,2,2,10:49,29,22,11,10,8,4,1,2,1,1,22:19,21,24,23,9,8,8,6,0,1,1,02:02,?,?,?,?,?,?,?,?,?,?,?,26,47,20,9,16,7,1,1,1,1,17:13,93
49,5,13,18,3,5,5,4,2,1,10:02,?,?,?,?,?,?,?,?,?,?,?,?,?,?,?,?,?,?,?,?,?,?,?,?,?,?,?,?,?,?,?,?,?,?,?,?,?,?,?,?,?,?,?,?,?,?,?,?,?,?,?,?,?,?,?,42,22,11,14,8,4,0,2,1,1,21:06,23,3,15,8,1,6,1,0,3,1,16:08,15,32,11,7,11,5,6,1,4,2,15:21,14,37,14,5,13,5,1,2,1,2,10:42,65
5,3,3,2,1,1,1,0,0,2,19:15,-7,0,0,0,0,0,7,0,0,2,20:39,?,?,?,?,?,?,?,?,?,?,?,?,?,?,?,?,?,?,?,?,?,?,?,?,?,?,?,?,?,?,?,?,?,?,?,?,?,?,?,?,?,?,?,?,?,?,?,?,?,?,?,?,?,?,?,?,?,?,?,?,?,?,?,?,?,?,11,0,0,4,0,0,1,0,0,1,00:08,22,30,16,8,11,6,2,3,2,1,08:55,68
?,?,?,?,?,?,?,?,?,?,?,?,?,?,?,?,?,?,?,?,?,?,?,?,?,?,?,?,?,?,?,?,?,20,0,18,8,1,7,4,3,3,2,14:28,6,17,19,2,6,7,0,1,2,1,19:21,31,18,11,12,7,4,5,3,1,1,15:15,24,17,8,9,6,3,3,1,1,2,10:33,18,24,18,6,8,7,0,0,3,1,12:41,41,34,26,14,12,9,1,2,1,1,23:27,12,19,19,5,7,7,3,2,2,2,22:00,50
14,0,3,5,0,1,1,0,0,2,00:54,?,?,?,?,?,?,?,?,?,2,00:33,?,?,?,?,?,?,?,?,?,?,?,?,?,?,?,?,?,?,?,?,2,01:59,?,?,?,?,?,?,?,?,?,?,?,14,2,1,8,2,1,10,4,2,1,14:25,36,4,4,13,3,2,3,5,2,1,22:55,3,0,0,3,0,0,6,0,0,2,23:39,16,3,9,6,3,4,2,6,3,1,13:39,11,11,12,5,5,4,4,4,0,1,19:26,34
?,?,?,?,?,?,?,?,?,?,?,?,?,?,?,?,?,?,?,?,?,?,?,?,?,?,?,?,?,?,?,?,?,?,?,?,?,?,?,?,?,?,?,?,?,?,?,?,?,?,?,?,?,?,?,29,13,0,10,5,0,1,2,0,1,10:11,21,15,6,8,6,2,3,3,0,1,14:53,17,0,5,6,1,3,1,3,4,1,10:45,19,18,9,7,6,3,2,0,0,1,10:03,5,22,23,3,8,8,4,2,1,1,10:01,50
0,0,3,0,0,1,0,0,0,2,14:38,0,0,0,0,0,0,0,0,0,2,21:31,22,1,2,9,1,2,5,2,4,2,20:46,9,0,0,5,0,2,6,0,6,2,14:41,14,-1,1,7,1,2,7,4,5,2,13:44,2,0,0,1,0,0,1,0,0,2,14:15,10,18,2,6,6,1,8,0,1,2,08:55,-3,0,0,0,0,1,3,0,3,2,10:10,7,8,1,4,4,1,5,4,2,2,11:00,2,23,10,2,9,4,4,4,2,2,12:42,35
29,10,-2,14,4,1,13,2,5,2,19:13,19,1,1,9,2,1,8,5,2,2,10:06,16,-6,6,10,0,3,14,6,3,2,10:02,13,-2,0,7,0,2,8,2,6,2,11:05,31,-6,6,13,1,4,8,9,6,2,11:29,23,10,0,11,5,1,10,5,3,2,20:23,16,6,7,10,4,3,14,6,2,2,19:23,22,-2,3,10,2,3,8,8,6,2,23:03,5,2,-3,5,3,1,10,7,6,2,16:25,22,25,7,8,10,4,2,5,5,2,02:18,54
?,?,?,?,?,?,?,?,?,?,?,?,?,?,?,?,?,?,?,?,?,?,34,15,3,13,6,1,5,3,0,2,21:10,16,-1,26,8,1,9,8,4,1,2,11:12,35,7,7,13,4,3,4,5,2,2,19:42,20,11,0,9,4,1,7,1,3,2,21:15,40,18,11,16,7,4,8,3,1,2,20:55,13,5,11,7,3,5,8,4,4,2,22:36,11,-3,15,6,1,6,7,6,3,2,22:54,14,23,26,6,9,9,4,4,1,2,22:18,63
?,?,?,?,?,?,?,?,?,?,?,?,?,?,?,?,?,?,?,?,?,?,?,?,?,?,?,?,?,?,?,?,?,37,-1,22,13,1,8,2,4,2,1,15:11,?,?,?,?,?,?,?,?,?,?,?,19,24,1,9,8,1,8,0,2,1,12:44,?,?,?,?,?,?,?,?,?,?,?,?,?,?,?,?,?,?,?,?,?,?,27,16,12,10,7,5,3,5,3,1,01:19,3,30,23,3,11,8,6,3,1,1,00:16,56
8,-3,6,5,0,2,7,3,0,1,23:15,0,0,0,0,0,0,0,0,0,1,22:24,20,4,3,8,2,3,4,2,6,1,11:27,26,0,3,10,0,2,4,0,3,1,22:12,7,15,3,4,6,2,5,3,3,1,10:05,18,6,-1,7,3,1,3,3,4,1,10:16,21,7,5,9,4,2,6,5,1,1,10:50,?,?,?,?,?,?,?,?,?,1,09:17,?,?,?,?,?,?,?,?,?,?,?,-5,-1,14,0,0,5,5,1,1,1,21:53,8
14,-2,-2,11,2,2,19,8,8,2,22:46,27,4,2,14,3,3,15,5,7,2,11:11,22,6,-6,13,4,1,17,6,9,2,22:59,5,-1,5,5,1,3,10,4,4,2,11:13,24,-2,6,12,2,4,12,8,6,2,23:11,8,11,-1,8,5,1,16,4,4,2,19:42,24,26,-4,10,9,0,6,1,4,2,19:33,16,18,6,9,7,4,11,3,6,2,13:04,-3,9,2,3,6,3,12,9,7,2,20:26,18,12,22,7,8,8,3,12,2,2,22:48,52
44,4,1,16,2,2,4,2,5,1,20:09,?,?,?,?,?,?,?,?,?,?,?,36,0,-1,14,0,0,6,0,1,1,13:17,26,0,0,10,0,0,4,0,0,1,20:00,45,14,9,15,5,3,0,1,0,1,21:16,38,5,11,13,2,4,1,1,1,1,23:28,35,18,3,12,6,1,1,0,0,1,21:24,?,?,?,?,?,?,?,?,?,?,?,20,37,0,7,13,0,1,2,0,1,21:30,3,31,12,1,11,4,0,2,0,1,21:39,46
33,-3,3,12,0,1,3,3,0,1,10:17,1,0,0,3,0,0,8,0,0,1,19:00,38,-1,0,15,0,0,7,1,0,1,22:22,23,0,14,9,0,5,4,0,1,1,22:21,29,0,9,11,0,4,4,0,3,1,19:13,32,3,0,12,2,0,4,3,0,1,21:32,41,9,0,15,3,0,4,0,0,1,23:49,?,?,?,?,?,?,?,?,?,?,?,?,?,?,?,?,?,?,?,?,?,?,9,27,0,4,10,0,3,3,0,1,23:43,36
35,-3,3,13,0,1,4,3,0,2,17:38,15,0,7,7,0,3,6,0,2,2,21:49,26,4,-4,11,2,0,7,2,4,2,18:46,-8,7,14,3,3,6,17,2,4,1,21:39,-9,3,-2,4,3,2,21,6,8,2,21:12,?,?,?,?,?,?,?,?,?,?,?,?,?,?,?,?,?,?,?,?,?,?,20,22,-2,9,8,0,7,2,2,1,14:30,10,11,3,6,5,3,8,4,6,1,18:16,18,34,15,7,13,5,3,5,0,1,17:20,67
?,?,?,?,?,?,?,?,?,?,?,0,0,1,0,0,1,0,0,2,1,00:11,?,?,?,?,?,?,?,?,?,?,?,?,?,?,?,?,?,?,?,?,?,?,?,?,?,?,?,?,?,?,?,?,?,?,?,?,?,?,?,?,?,?,?,?,?,?,?,?,?,?,?,?,?,?,?,40,14,10,15,5,5,5,1,5,1,18:29,21,18,26,9,7,9,6,3,1,1,18:23,26,53,30,9,18,10,1,1,0,1,19:00,109
?,?,?,?,?,?,?,?,?,?,?,?,?,?,?,?,?,?,?,?,?,?,?,?,?,?,?,?,?,?,?,?,?,?,?,?,?,?,?,?,?,?,?,?,?,?,?,?,?,?,?,?,?,?,?,?,?,?,?,?,?,?,?,?,2,09:21,35,18,12,13,6,4,4,0,0,1,20:55,24,22,11,9,8,5,3,2,4,1,16:09,31,30,10,11,11,4,2,3,2,1,17:50,19,37,23,7,13,8,2,2,1,1,14:20,79
?,?,?,?,?,?,?,?,?,?,?,9,0,1,4,0,1,3,0,2,1,20:53,37,0,0,13,0,0,2,0,0,1,21:34,19,0,8,7,0,3,2,0,1,1,07:16,?,?,?,?,?,?,?,?,?,?,?,?,?,?,?,?,?,?,?,?,?,?,?,?,?,?,?,?,?,?,?,?,?,?,?,?,?,?,?,?,?,?,?,?,?,?,?,?,?,?,?,?,?,?,?,7,31,15,3,11,5,2,2,0,1,20:57,53
64,16,11,22,6,4,2,2,1,1,11:43,26,0,0,10,0,0,4,0,0,1,13:17,44,2,0,15,1,0,1,1,0,1,23:32,43,1,6,15,1,3,2,2,3,1,23:37,51,14,7,18,5,3,3,1,2,1,22:37,42,8,1,15,3,1,3,1,2,1,23:48,40,22,3,15,8,1,5,2,0,1,16:12,23,6,6,9,2,3,4,0,3,1,21:37,39,18,12,13,7,4,0,3,0,1,23:53,13,29,30,5,11,10,2,4,0,1,15:41,72
21,0,1,9,1,1,6,3,2,2,21:07,12,5,0,7,2,0,9,1,0,2,23:01,21,2,1,10,1,1,9,1,2,2,23:32,20,-2,8,8,0,3,4,2,1,2,21:34,11,0,0,9,0,0,16,0,0,2,23:41,16,0,0,6,0,0,2,0,0,2,21:10,29,5,3,12,2,1,7,1,0,2,20:28,20,0,6,7,0,2,1,0,0,2,00:11,17,8,2,6,3,1,1,1,1,2,23:08,12,19,9,4,7,3,0,2,0,2,22:25,40
?,?,?,?,?,?,?,?,?,?,?,?,?,?,?,?,?,?,?,?,?,?,?,?,?,?,?,?,?,?,?,?,?,?,?,?,?,?,?,?,?,?,?,?,-5,-5,6,0,0,3,5,5,3,2,16:18,34,12,0,12,4,0,2,0,0,1,10:17,54,30,9,19,10,3,3,0,0,1,20:32,16,6,18,6,2,6,2,0,0,1,22:59,?,?,?,?,?,?,?,?,?,?,?,20,32,27,7,11,9,1,1,0,1,20:54,79
?,?,?,?,?,?,?,?,?,?,?,?,?,?,?,?,?,?,?,?,?,?,?,?,?,?,?,?,?,?,?,?,?,23,-2,5,9,0,3,4,2,4,1,21:16,28,12,3,11,4,1,5,0,0,1,19:31,35,5,8,12,2,3,1,1,1,1,18:44,43,15,3,15,5,1,2,0,0,1,21:59,22,18,4,9,6,2,5,0,2,1,21:38,19,13,0,8,6,1,5,5,3,1,18:47,4,40,20,2,14,7,2,2,1,1,20:53,64
31,6,14,11,3,6,2,3,4,1,01:00,?,?,?,?,?,?,?,?,?,?,?,?,?,?,?,?,?,?,?,?,?,?,?,?,?,?,?,?,?,?,?,?,?,57,7,7,20,3,4,3,2,5,1,23:01,45,18,11,17,7,4,6,3,1,1,13:30,57,23,8,19,8,3,0,1,1,1,23:19,10,30,23,6,10,8,8,0,1,1,03:23,41,34,20,14,12,7,1,2,1,1,22:21,13,27,26,5,11,9,2,6,1,1,23:49,66
30,0,3,11,0,1,3,0,0,1,21:11,15,0,0,6,0,0,3,0,0,1,10:18,32,0,0,13,0,0,7,0,0,1,20:59,6,0,0,2,0,0,0,0,0,1,23:37,?,?,?,?,?,?,?,?,?,?,?,?,?,?,?,?,?,?,?,?,?,?,?,?,?,?,?,?,?,?,?,1,14:08,3,0,0,2,0,0,3,0,0,1,12:08,?,?,?,?,?,?,?,?,?,?,?,0,20,0,0,8,0,0,4,0,1,19:12,20
21,14,2,8,6,3,3,4,7,2,19:37,56,14,0,21,5,1,7,1,3,1,11:00,?,?,?,?,?,?,?,?,?,?,?,29,7,9,12,3,3,7,2,0,1,18:57,30,13,18,13,5,7,9,2,3,1,22:16,45,18,11,16,7,4,3,3,1,1,10:34,44,18,3,17,7,2,7,3,3,1,21:46,5,16,11,5,6,5,10,2,4,1,09:57,21,37,10,8,13,5,3,2,5,1,09:09,14,56,18,6,19,7,4,1,3,1,11:52,88
16,0,3,6,0,1,2,0,0,2,12:50,9,21,0,4,7,0,3,0,0,2,12:14,58,4,3,20,2,1,2,2,0,2,11:04,31,0,8,11,0,4,2,0,4,2,21:19,?,?,?,?,?,?,?,?,?,?,?,?,?,?,?,?,?,?,?,?,?,?,0,0,0,0,0,0,0,0,0,2,22:34,0,0,0,0,0,0,0,0,0,2,20:17,?,?,?,?,?,?,?,?,?,?,?,0,0,0,0,0,0,0,0,0,2,21:55,0
27,4,3,10,2,1,3,2,0,1,22:52,?,?,?,?,?,?,?,?,?,1,10:32,19,8,4,7,3,2,2,1,2,1,18:38,0,0,2,3,0,2,9,0,4,1,09:38,8,5,0,5,2,1,7,1,3,1,10:16,?,?,?,?,?,?,?,?,?,1,10:34,13,11,2,5,4,1,2,1,1,1,00:25,4,1,14,3,1,5,5,2,1,1,09:36,0,15,6,1,5,3,3,0,3,2,21:27,9,1,0,4,1,0,3,2,0,1,11:47,10
43,-2,2,17,1,2,8,5,4,2,11:54,4,0,0,4,0,0,8,0,0,2,23:41,0,0,0,0,0,0,0,0,0,2,23:39,22,0,7,10,0,4,8,0,5,2,22:27,3,0,0,1,0,0,0,0,0,2,20:18,-2,0,0,0,0,0,2,0,0,2,23:49,31,22,3,12,8,2,5,2,3,2,10:03,19,0,4,8,0,3,5,0,5,2,22:28,25,14,1,10,5,1,5,1,2,2,16:04,11,20,10,5,9,4,4,7,2,2,22:18,41
?,?,?,?,?,?,?,?,?,?,?,52,24,22,18,8,8,2,0,2,1,14:58,?,?,?,?,?,?,?,?,?,?,?,47,8,26,16,3,9,1,1,1,1,23:04,46,3,10,17,1,5,5,0,5,1,18:00,50,30,9,17,10,3,1,0,0,1,13:33,51,14,11,18,5,4,3,1,1,1,23:05,32,23,18,11,8,7,1,1,3,1,18:15,31,45,16,11,15,6,2,0,2,1,18:43,26,39,30,9,14,10,1,3,0,1,15:12,95
54,2,5,19,1,3,3,1,4,1,08:54,?,?,?,?,?,?,?,?,?,?,?,?,?,?,?,?,?,?,?,?,?,?,?,?,?,?,?,?,?,?,?,?,?,43,15,-1,15,5,0,2,0,1,1,17:40,30,10,11,11,4,4,3,2,1,1,21:07,38,14,8,14,5,3,4,1,1,1,13:13,?,?,?,?,?,?,?,?,?,1,01:56,?,?,?,?,?,?,?,?,?,?,?,2,48,27,2,16,9,4,0,0,1,23:20,77
61,1,10,22,1,4,5,2,2,1,19:15,45,4,-2,17,2,0,6,2,2,1,11:09,?,?,?,?,?,?,?,?,?,?,?,39,11,16,14,4,6,3,1,2,1,18:05,43,14,3,16,6,2,5,4,3,1,10:24,30,11,15,12,5,5,6,4,0,1,19:54,56,30,8,19,10,3,1,0,1,1,11:13,?,?,?,?,?,?,?,?,?,?,?,38,29,19,13,11,7,1,4,2,1,20:36,7,42,26,4,15,9,5,3,1,1,20:45,75
32,-4,4,11,1,3,1,7,5,1,09:51,?,?,?,?,?,?,?,?,?,?,?,18,13,-4,8,5,1,6,2,7,1,20:14,29,0,20,11,0,7,4,0,1,1,20:03,?,?,?,?,?,?,?,?,?,?,?,34,6,7,12,3,3,2,3,2,1,23:10,29,15,1,11,5,1,4,0,2,1,21:47,18,3,3,7,2,3,3,3,6,1,11:34,30,10,0,11,5,0,3,5,0,1,22:23,12,35,20,5,12,7,3,1,1,1,11:26,67
?,?,?,?,?,?,?,?,?,?,?,?,?,?,?,?,?,?,?,?,?,?,6,0,0,4,0,0,6,0,0,1,11:15,29,5,11,11,2,5,4,1,4,1,22:02,?,?,?,?,?,?,?,?,?,?,?,41,14,5,16,6,2,7,4,1,1,11:36,?,?,?,?,?,?,?,?,?,?,?,18,12,14,8,5,6,6,3,4,1,18:17,24,13,18,9,5,7,3,2,3,1,18:07,18,31,13,7,12,5,3,5,2,1,23:20,62
40,4,3,15,2,1,5,2,0,1,16:28,28,-1,3,11,0,2,5,1,3,1,19:02,47,12,0,17,4,1,4,0,3,1,21:17,22,1,15,9,1,5,5,2,0,1,16:50,58,6,3,20,2,1,2,0,0,1,10:12,32,0,0,12,0,0,4,0,0,1,21:56,46,7,5,16,3,2,2,2,1,1,15:43,27,15,6,9,5,2,0,0,0,1,10:24,35,23,5,12,8,2,1,1,1,1,12:53,18,37,21,6,13,7,0,2,0,1,15:12,76
?,?,?,?,?,?,?,?,?,?,?,?,?,?,?,?,?,?,?,?,?,?,?,?,?,?,?,?,?,?,?,?,?,3,0,0,1,0,0,0,0,0,2,15:01,44,11,-2,16,4,1,4,1,5,1,17:58,26,18,9,11,7,3,7,3,0,1,23:28,42,16,7,15,6,3,3,2,2,1,23:32,15,27,3,6,9,3,3,0,6,1,23:04,16,12,-4,7,6,1,5,6,7,1,23:34,3,28,26,3,11,9,6,5,1,1,23:48,57
?,?,?,?,?,?,?,?,?,?,?,?,?,?,?,?,?,?,?,?,?,?,?,?,?,?,?,?,?,?,?,?,?,?,?,?,?,?,?,?,?,?,?,?,?,?,?,?,?,?,?,?,?,?,?,31,15,11,13,6,4,8,3,1,1,21:13,68,30,7,23,10,3,1,0,2,1,13:28,?,?,?,?,?,?,?,?,?,?,?,29,38,26,11,13,9,4,1,1,1,17:50,24,56,26,8,19,9,0,1,1,1,10:57,106
43,11,8,16,4,3,5,1,1,2,22:56,23,8,3,11,3,1,10,1,0,2,22:30,43,0,0,15,0,0,2,0,0,2,11:17,38,-5,12,13,0,5,1,5,3,2,18:57,?,?,?,?,?,?,?,?,?,?,?,?,?,?,?,?,?,?,?,?,?,?,34,19,5,12,7,2,2,2,1,2,14:01,10,4,8,5,2,3,5,2,1,2,09:55,23,21,3,8,7,1,1,0,0,2,21:36,3,33,7,2,12,3,3,3,2,2,12:55,43
?,?,?,?,?,?,?,?,?,?,?,?,?,?,?,?,?,?,?,?,?,?,?,?,?,?,?,?,?,?,?,?,?,32,3,26,12,2,9,4,3,1,1,18:39,49,27,19,17,9,7,2,0,2,1,18:18,31,26,8,13,9,3,8,1,1,1,18:01,56,26,15,20,9,5,4,1,0,1,14:27,30,30,18,12,10,7,6,0,3,1,09:50,32,29,23,11,10,8,1,1,1,1,10:03,26,46,30,9,16,10,1,2,0,1,10:11,102
58,-6,8,20,0,3,2,6,1,2,22:28,11,14,18,4,5,7,1,1,3,2,22:25,0,0,0,0,0,0,0,0,0,2,12:06,14,9,30,5,3,10,1,0,0,2,11:28,0,0,14,0,0,6,0,0,4,2,10:26,0,26,0,0,9,0,0,1,0,2,22:20,37,26,7,13,9,3,2,1,2,1,19:46,16,12,18,6,5,7,2,3,3,1,11:39,29,33,18,11,12,7,4,3,3,2,17:35,0,2,0,0,1,0,0,1,0,2,17:57,2
?,?,?,?,?,?,?,?,?,?,?,-4,-5,-4,6,1,1,22,8,7,2,21:20,0,1,7,7,2,4,21,5,5,2,21:28,-8,-1,6,3,1,4,17,4,6,2,21:00,?,?,?,?,?,?,?,?,?,?,?,1,2,-2,5,3,0,14,7,2,2,20:58,?,?,?,?,?,?,?,?,?,?,?,5,7,-2,5,4,2,10,5,8,2,22:13,?,?,?,?,?,?,?,?,?,?,?,-2,11,2,2,6,2,8,7,4,2,23:40,11
41,1,9,16,2,4,7,5,3,1,21:49,-1,0,0,0,0,0,1,0,0,1,23:20,8,0,0,3,0,0,1,0,0,1,11:27,8,0,0,4,0,0,4,0,0,1,16:52,0,0,0,0,0,0,0,0,0,2,07:33,18,0,0,8,0,0,6,0,0,2,08:14,8,0,0,3,0,0,1,0,0,1,09:33,21,4,1,8,2,2,3,2,5,1,11:10,7,0,0,3,0,0,2,0,0,1,11:59,15,34,26,6,12,9,3,2,1,1,23:01,75
22,2,14,8,1,5,2,1,1,1,21:21,?,?,?,?,?,?,?,?,?,?,?,?,?,?,?,?,?,?,?,?,?,?,?,?,?,?,?,?,?,?,?,?,?,?,?,?,?,?,?,?,?,?,?,?,?,?,?,?,?,?,?,?,?,?,?,13,8,8,6,4,3,5,4,1,1,17:35,10,-1,8,5,0,3,5,1,1,1,09:30,7,9,13,4,3,5,5,0,2,1,13:52,17,10,20,6,4,7,1,2,1,1,10:09,47
?,?,?,?,?,?,?,?,?,?,?,5,0,-1,2,0,1,1,0,4,1,22:38,18,0,3,8,1,2,6,3,3,1,21:28,24,2,2,9,1,2,3,1,4,1,19:58,?,?,?,?,?,?,?,?,?,?,?,?,?,?,?,?,?,?,?,?,?,?,26,11,0,9,4,1,1,1,3,1,21:23,23,0,5,9,2,3,4,6,4,1,18:49,10,19,4,5,7,3,5,2,5,1,18:11,8,26,23,4,10,8,4,4,1,1,21:09,57
59,14,6,21,5,3,4,1,3,1,09:23,0,18,0,0,6,0,0,0,0,1,19:59,1,6,0,1,3,0,2,3,0,1,16:23,?,?,?,?,?,?,?,?,?,?,?,?,?,?,?,?,?,?,?,?,?,?,9,0,0,3,0,0,0,0,0,1,19:18,47,0,0,16,0,0,1,0,0,1,18:04,?,?,?,?,?,?,?,?,?,?,?,?,?,?,?,?,?,?,?,?,?,?,5,6,0,2,2,0,1,0,0,2,15:33,11
46,-1,2,17,0,1,5,1,1,1,13:10,?,?,?,?,?,?,?,?,?,?,?,?,?,?,?,?,?,?,?,?,?,?,21,0,0,8,0,0,3,0,0,1,22:14,39,15,0,14,5,0,3,0,0,1,21:29,40,0,11,14,0,4,2,0,1,1,22:33,45,26,6,16,9,2,3,1,0,1,22:07,?,?,?,?,?,?,?,?,?,?,?,37,27,6,13,10,3,2,3,3,1,09:36,10,27,22,4,10,8,2,3,2,1,09:29,59
6,0,2,6,1,1,12,3,1,1,18:21,?,?,?,?,?,?,?,?,?,?,?,?,?,?,?,?,?,?,?,?,?,?,?,?,?,?,?,?,?,?,?,?,?,8,10,-1,5,4,1,7,2,4,1,20:49,1,10,-1,4,5,1,11,5,4,1,19:16,27,5,-1,12,3,1,9,4,4,1,18:14,8,6,-2,7,4,2,13,6,8,1,19:27,5,6,2,3,5,3,4,9,7,1,13:13,22,9,14,8,4,6,2,3,4,1,20:56,45
?,?,?,?,?,?,?,?,?,?,?,?,?,?,?,?,?,?,?,?,?,?,23,0,4,9,0,3,4,0,5,1,11:03,25,9,0,10,3,0,5,0,0,1,21:56,47,0,0,17,0,0,4,0,0,1,19:02,37,2,0,13,1,0,2,1,0,1,23:09,36,23,9,13,8,3,3,1,0,1,14:49,17,18,3,7,6,3,4,0,6,1,15:13,13,29,7,5,10,3,2,1,2,1,13:57,13,35,26,5,12,9,2,1,1,1,00:34,74
21,0,3,11,0,1,12,0,0,1,22:46,9,0,0,6,0,0,9,0,0,1,12:36,?,?,?,?,?,?,?,?,?,?,?,?,?,?,?,?,?,?,?,?,?,?,?,?,?,?,?,?,?,?,?,?,?,43,0,0,15,0,0,2,0,0,1,13:32,13,6,7,6,3,3,5,3,2,1,11:16,?,?,?,?,?,?,?,?,?,?,?,14,11,11,5,4,4,1,1,1,1,14:37,1,9,0,1,3,0,2,0,0,1,12:32,10
?,?,?,?,?,?,?,?,?,?,?,?,?,?,?,?,?,?,?,?,?,?,?,?,?,?,?,?,?,?,?,?,?,?,?,?,?,?,?,?,?,?,?,?,?,?,?,?,?,?,?,?,?,?,?,?,?,?,?,?,?,?,?,?,?,?,48,22,9,17,8,3,3,2,0,1,00:18,28,21,23,11,7,8,5,0,1,1,14:50,30,21,13,11,8,5,3,3,2,1,17:01,12,28,14,5,11,5,3,5,1,1,16:02,54
?,?,?,?,?,?,?,?,?,?,?,?,?,?,?,?,?,?,?,?,?,?,?,?,?,?,?,?,?,?,?,?,?,?,?,?,?,?,?,?,?,?,?,?,?,?,?,?,?,?,?,?,?,?,?,?,?,?,?,?,?,?,?,?,?,?,9,0,0,4,0,0,3,0,0,1,21:10,3,1,9,4,1,3,9,2,0,1,21:04,4,0,0,3,0,0,5,0,0,1,16:59,10,17,12,4,7,4,2,4,0,1,20:56,39
0,0,3,0,0,1,0,0,0,2,23:29,23,11,0,10,4,0,7,1,0,2,18:17,19,0,0,8,0,0,5,0,0,2,01:11,6,0,0,5,0,0,9,0,0,2,22:13,22,0,0,9,0,0,5,0,0,2,00:09,25,18,3,9,7,2,2,3,3,2,00:49,29,0,0,10,0,0,1,0,0,2,23:52,16,8,7,7,4,3,5,4,2,2,22:21,32,12,12,11,4,4,1,0,0,2,21:29,11,36,13,4,13,5,1,3,2,2,22:36,60
57,2,3,20,1,1,3,1,0,1,18:20,9,9,-4,4,3,0,3,0,4,1,22:59,42,4,0,16,2,1,6,2,3,1,19:54,34,-2,5,13,0,3,5,2,4,1,00:32,0,0,0,0,0,0,0,0,0,1,21:16,33,12,12,12,4,4,3,0,0,1,17:22,51,30,6,17,10,2,0,0,0,1,14:10,27,20,7,10,7,3,3,1,2,1,14:34,22,31,4,9,11,2,5,2,2,1,15:40,3,48,24,2,17,8,3,3,0,1,01:51,75
2,9,1,1,3,2,1,0,5,2,21:29,?,?,?,?,?,?,?,?,?,?,?,?,?,?,?,?,?,?,?,?,?,?,?,?,?,?,?,?,?,?,?,?,?,?,?,?,?,?,?,?,?,?,?,?,?,?,?,?,?,?,?,?,?,?,?,7,6,11,5,3,4,8,3,1,2,01:02,?,?,?,?,?,?,?,?,?,?,?,2,11,10,1,4,5,1,1,5,2,01:53,18,4,17,7,2,6,3,2,1,2,13:33,39
?,?,?,?,?,?,?,?,?,?,?,?,?,?,?,?,?,?,?,?,?,?,?,?,?,?,?,?,?,?,?,?,?,?,?,?,?,?,?,?,?,?,?,?,32,12,0,14,4,0,10,0,0,1,19:32,42,6,0,16,2,0,6,0,0,1,15:42,27,0,0,13,0,0,12,0,0,1,13:13,?,?,?,?,?,?,?,?,?,?,?,-3,0,0,3,0,0,12,0,0,1,20:22,23,15,0,8,8,0,1,9,0,1,09:35,38
?,?,?,?,?,?,?,?,?,?,?,?,?,?,?,?,?,?,?,?,?,?,?,?,?,?,?,?,?,?,?,?,?,?,?,?,?,?,?,?,?,?,?,?,32,-1,3,12,1,2,4,4,3,1,18:21,23,5,5,10,3,2,7,4,1,1,19:06,41,11,3,16,4,1,7,1,0,1,16:51,22,10,15,10,4,5,8,2,0,1,18:26,4,-3,-2,4,3,2,8,12,8,1,21:22,26,13,22,9,6,8,1,5,2,1,15:28,61
?,?,?,?,?,?,?,?,?,2,09:30,?,?,?,?,?,?,?,?,?,?,?,46,2,3,17,1,1,5,1,0,2,18:40,36,3,7,13,2,3,3,3,2,2,22:00,9,0,0,4,0,0,3,0,0,2,18:41,48,14,5,17,5,2,3,1,1,2,11:42,51,17,4,18,6,2,3,1,2,2,18:32,?,?,?,?,?,?,?,?,?,?,?,?,?,?,?,?,?,?,?,?,?,?,17,47,11,6,16,4,1,1,1,2,19:14,75
33,6,2,13,4,2,6,6,4,1,18:51,15,6,2,6,4,3,3,6,7,1,19:44,?,?,?,?,?,?,?,?,?,?,?,18,4,19,7,2,7,3,2,2,1,19:56,53,10,22,19,4,8,4,2,2,1,13:21,34,26,9,13,9,3,5,1,0,1,10:56,?,?,?,?,?,?,?,?,?,?,?,10,3,14,5,2,6,5,3,4,1,17:10,13,6,10,6,2,5,5,0,5,1,17:36,22,28,14,8,10,5,2,2,1,1,11:22,64
50,5,11,18,2,4,4,1,1,2,18:01,35,0,-1,13,0,0,4,0,1,2,10:38,42,4,2,16,2,1,6,2,1,2,12:39,40,4,7,14,2,3,2,2,2,2,22:20,41,-1,5,15,0,2,4,1,1,2,18:42,40,8,0,15,3,0,5,1,0,2,10:46,44,26,11,16,9,4,4,1,1,2,14:07,17,26,10,7,9,5,4,1,5,2,10:22,?,?,?,?,?,?,?,?,?,?,?,26,43,15,9,15,5,1,2,0,2,19:59,84
?,?,?,?,?,?,?,?,?,?,?,?,?,?,?,?,?,?,?,?,?,?,?,?,?,?,?,?,?,?,?,?,?,?,?,?,?,?,?,?,?,?,?,?,?,?,?,?,?,?,?,?,?,?,?,?,?,?,?,?,?,?,?,?,?,?,0,0,0,0,0,0,0,0,0,1,21:59,38,7,14,14,3,5,4,2,1,1,22:03,13,25,14,7,10,5,8,5,1,1,17:53,15,15,15,6,8,6,3,9,3,1,21:00,45
49,-1,8,18,0,3,5,1,1,1,02:57,5,0,1,3,0,2,4,0,5,1,10:59,36,0,0,14,0,0,6,0,0,1,01:06,?,?,?,?,?,?,?,?,?,?,?,?,?,?,?,?,?,?,?,?,?,?,?,?,?,?,?,?,?,?,?,?,?,?,?,?,?,?,?,?,?,?,?,?,?,?,?,?,?,?,?,?,?,?,?,?,?,?,?,?,?,?,?,?,?,?,0,0,0,0,0,0,0,0,0,2,15:03,0
?,?,?,?,?,?,?,?,?,?,?,11,12,8,4,5,3,1,3,1,1,22:37,?,?,?,?,?,?,?,?,?,?,?,23,1,23,9,1,8,4,2,1,1,00:45,34,8,16,13,3,6,5,1,2,1,17:14,33,0,0,12,0,0,3,0,0,1,20:17,?,?,?,?,?,?,?,?,?,?,?,?,?,?,?,?,?,?,?,?,?,?,?,?,?,?,?,?,?,?,?,?,?,30,30,27,10,11,9,0,3,0,1,04:46,87
62,10,18,23,5,7,7,5,3,1,20:11,34,3,0,16,2,0,14,3,0,1,11:29,59,5,5,22,2,3,7,1,4,1,17:56,21,3,14,10,2,6,9,3,4,2,21:00,?,?,?,?,?,?,?,?,?,?,?,?,?,?,?,?,?,?,?,?,?,?,42,18,7,16,7,3,6,3,2,1,23:07,8,2,14,6,3,6,10,7,4,1,11:19,33,34,22,12,12,8,3,2,2,1,18:01,18,48,22,7,17,8,3,3,2,1,11:29,88
49,9,5,19,4,3,8,3,4,1,09:32,3,0,0,2,0,0,3,0,0,1,18:32,?,?,?,?,?,?,?,?,?,?,?,8,0,0,4,0,0,4,0,0,1,19:22,?,?,?,?,?,?,?,?,?,?,?,?,?,?,?,?,?,?,?,?,?,?,?,?,?,?,?,?,?,?,?,?,?,?,?,?,?,?,?,?,?,?,?,?,1,9,10,4,6,5,11,9,5,1,22:44,18,44,26,7,16,9,3,4,1,1,10:03,88
?,?,?,?,?,?,?,?,?,?,?,?,?,?,?,?,?,?,?,?,?,?,15,0,0,8,0,0,9,0,0,2,19:06,37,2,0,13,1,0,2,1,0,1,19:27,?,?,?,?,?,?,?,?,?,?,?,?,?,?,?,?,?,?,?,?,?,?,?,?,?,?,?,?,?,?,?,?,?,?,?,?,?,?,?,?,?,?,?,?,9,12,15,4,4,5,3,0,0,2,23:16,27,27,8,9,10,3,0,3,1,2,21:49,62
?,?,?,?,?,?,?,?,?,?,?,-6,-2,2,6,2,3,24,8,7,2,22:41,?,?,?,?,?,?,?,?,?,?,?,?,?,?,?,?,?,?,?,?,?,?,?,?,?,?,?,?,?,?,?,?,?,?,?,?,?,?,?,?,?,?,?,?,37,11,-1,14,4,0,5,1,1,2,18:00,8,0,0,3,0,0,1,0,0,2,19:09,?,?,?,?,?,?,?,?,?,?,?,4,34,12,2,13,5,2,5,3,2,21:23,50
60,4,22,21,3,8,3,5,2,1,19:35,22,4,6,9,2,4,5,2,6,1,16:23,56,14,2,20,5,3,4,1,7,1,21:37,54,11,10,18,4,5,0,1,5,1,06:39,35,18,10,14,6,5,7,0,5,1,22:13,45,6,0,17,3,0,6,3,0,1,18:11,58,26,8,20,9,3,2,1,1,1,19:20,14,0,0,5,0,0,1,0,0,1,23:02,32,0,0,11,0,0,1,0,0,1,22:25,11,48,26,5,17,9,4,3,1,1,23:09,85
?,?,?,?,?,?,?,?,?,?,?,30,22,10,11,8,5,3,2,5,1,00:14,2,-1,6,1,0,4,1,1,6,1,15:17,?,?,?,?,?,?,?,?,?,?,?,?,?,?,?,?,?,?,?,?,?,?,?,?,?,?,?,?,?,?,?,?,?,?,?,?,?,?,?,?,?,?,?,?,?,?,?,?,?,?,?,?,?,?,?,33,37,14,12,13,6,3,2,4,1,21:14,10,46,30,5,16,10,5,2,0,1,18:02,86
48,5,5,18,2,2,6,1,1,1,19:34,10,23,3,4,8,2,2,1,3,1,07:44,38,19,5,13,7,3,1,2,4,1,21:49,23,1,12,9,1,5,4,2,3,1,12:49,0,0,0,0,0,0,0,0,0,1,16:08,23,6,-1,9,3,0,4,3,1,1,17:04,45,26,8,16,9,3,3,1,1,2,16:21,19,23,16,8,8,6,5,1,2,1,18:06,?,?,?,?,?,?,?,?,?,?,?,16,23,21,6,9,7,2,4,0,1,11:58,60
48,16,15,17,6,6,3,2,3,1,20:51,32,5,1,12,2,2,4,1,5,1,09:41,63,8,4,23,3,3,6,1,5,1,13:40,?,?,?,?,?,?,?,?,?,?,?,?,?,?,?,?,?,?,?,?,?,?,?,?,?,?,?,?,?,?,?,?,?,28,18,11,11,7,4,5,3,1,1,09:27,?,?,?,?,?,?,?,?,?,?,?,?,?,?,?,?,?,?,?,?,?,?,27,43,26,9,15,9,0,2,1,1,08:33,96
40,1,3,16,2,1,8,5,0,1,23:32,16,8,6,8,4,4,8,4,6,1,00:23,38,6,10,17,4,5,13,6,5,1,13:22,3,0,0,1,0,0,0,0,0,1,18:07,28,15,6,13,6,4,11,3,6,1,22:45,37,2,7,15,3,3,8,7,2,1,02:35,?,?,?,?,?,?,?,?,?,1,16:30,11,0,0,5,0,0,4,0,0,1,20:05,?,?,?,?,?,?,?,?,?,?,?,0,0,0,0,0,0,0,0,0,1,18:10,0
18,10,18,12,5,7,18,5,3,2,20:32,18,6,10,12,4,5,18,6,5,1,18:39,44,0,-1,16,0,0,4,0,1,1,23:40,48,11,21,16,4,7,0,1,0,1,08:19,41,0,14,14,0,5,1,0,1,1,12:11,29,16,0,11,6,0,4,2,0,1,22:30,?,?,?,?,?,?,?,?,?,?,?,?,?,?,?,?,?,?,?,?,?,?,?,?,?,?,?,?,?,?,?,?,?,18,36,27,6,12,9,0,0,0,1,21:39,81
?,?,?,?,?,?,?,?,?,2,15:36,?,?,?,?,?,?,?,?,?,?,?,7,0,0,4,0,0,5,0,0,2,11:40,22,-2,6,9,0,3,5,2,3,1,11:42,?,?,?,?,?,?,?,?,?,?,?,?,?,?,?,?,?,?,?,?,?,?,32,27,6,11,9,2,1,0,0,1,11:22,?,?,?,?,?,?,?,?,?,?,?,17,20,24,7,8,8,4,4,0,1,15:04,20,34,14,7,12,5,1,2,1,1,15:11,68
65,17,16,23,6,6,4,1,2,1,18:40,23,30,7,10,10,3,7,0,2,1,23:15,31,20,0,11,7,0,2,1,0,1,21:56,40,11,11,14,4,4,2,1,1,1,22:10,40,21,14,14,7,6,2,0,4,1,21:49,24,14,-2,9,5,0,3,1,2,1,22:55,56,20,4,20,7,2,4,1,2,1,14:32,34,30,17,12,10,6,2,0,1,1,22:01,33,41,21,12,14,7,3,1,0,1,20:48,15,45,30,6,16,10,3,3,0,1,23:19,90
?,?,?,?,?,?,?,?,?,1,12:01,?,?,?,?,?,?,?,?,?,?,?,?,?,?,?,?,?,?,?,?,?,?,14,-2,6,6,0,3,4,2,3,1,11:09,?,?,?,?,?,?,?,?,?,?,?,?,?,?,?,?,?,?,?,?,?,?,28,18,12,11,7,4,5,3,0,1,21:43,0,0,0,0,0,0,0,0,0,1,23:35,?,?,?,?,?,?,?,?,?,1,00:47,9,29,18,4,11,6,3,4,0,1,23:40,56
?,?,?,?,?,?,?,?,?,?,?,13,0,-1,5,0,0,2,0,1,1,18:42,?,?,?,?,?,?,?,?,?,?,?,?,?,?,?,?,?,?,?,?,?,?,51,0,6,18,0,3,3,0,3,1,14:11,?,?,?,?,?,?,?,?,?,?,?,?,?,?,?,?,?,?,?,?,?,?,?,?,?,?,?,?,?,?,?,?,?,35,11,12,12,6,5,1,7,3,1,19:31,14,41,27,6,14,9,4,1,0,1,23:51,82
0,0,3,0,0,1,0,0,0,1,01:25,19,21,0,8,7,1,5,0,3,1,00:30,37,7,0,15,3,0,8,2,0,2,18:09,30,-3,7,12,0,3,6,3,2,2,22:34,38,11,-2,15,5,0,7,4,2,2,13:58,40,7,11,15,3,4,5,2,1,2,14:10,51,30,8,19,10,3,6,0,1,2,13:59,24,14,8,10,6,3,6,4,1,2,14:47,18,31,2,8,11,3,6,2,7,1,22:55,9,27,15,4,11,6,3,6,3,2,14:24,51
?,?,?,?,?,?,?,?,?,?,?,?,?,?,?,?,?,?,?,?,?,?,?,?,?,?,?,?,?,?,?,?,?,?,?,?,?,?,?,?,?,?,?,?,31,-2,3,14,2,3,11,8,6,1,23:55,7,-2,-1,8,2,1,17,8,4,1,18:57,51,26,7,19,9,3,6,1,2,1,12:25,28,2,10,12,3,5,8,7,5,1,10:12,?,?,?,?,?,?,?,?,?,?,?,27,24,20,9,8,7,0,0,1,1,12:32,71
15,0,3,5,0,1,0,0,0,1,23:15,?,?,?,?,?,?,?,?,?,?,?,49,8,13,18,4,5,5,4,2,1,22:10,29,3,12,11,1,5,4,0,3,1,15:29,58,20,12,20,7,5,2,1,3,1,14:12,53,23,9,19,8,3,4,1,0,1,11:35,43,23,9,16,8,3,5,1,0,1,12:12,28,27,18,11,9,6,5,0,0,1,10:25,30,35,8,11,12,4,3,1,4,1,11:48,21,38,24,7,14,8,0,4,0,1,10:29,83
?,?,?,?,?,?,?,?,?,?,?,-2,0,0,2,0,0,8,0,0,1,19:07,20,-6,3,10,1,3,10,9,6,1,11:10,12,4,10,5,2,4,3,2,2,1,22:26,0,0,0,0,0,0,0,0,0,1,23:26,12,11,0,7,4,0,9,1,0,1,18:38,43,18,4,16,6,2,5,0,2,1,00:40,19,1,11,9,1,4,8,2,1,1,21:08,13,37,20,7,13,7,8,2,1,1,21:49,26,49,26,9,17,9,1,2,1,1,17:15,101
46,26,26,16,9,9,2,1,1,1,22:08,20,23,14,7,8,6,1,1,4,1,09:37,21,2,6,9,1,4,6,1,6,1,10:58,?,?,?,?,?,?,?,?,?,?,?,32,18,10,12,6,5,4,0,5,1,14:33,?,?,?,?,?,?,?,?,?,?,?,37,26,8,14,9,3,5,1,1,1,15:59,20,23,18,8,8,7,4,1,3,1,01:49,27,23,14,10,8,6,3,1,4,1,22:13,14,40,26,6,14,9,4,2,1,1,23:18,80
30,10,18,14,5,7,12,5,3,1,19:19,8,18,7,5,7,4,7,3,5,1,10:38,23,8,10,9,4,5,4,4,5,1,11:00,16,9,14,7,3,6,5,0,4,1,09:55,35,18,18,13,6,7,4,0,3,1,16:55,15,22,5,7,8,2,6,2,1,1,21:45,24,26,15,10,9,5,6,1,0,1,10:07,14,4,6,7,2,4,7,2,6,1,18:07,?,?,?,?,?,?,?,?,?,?,?,10,29,26,5,10,9,5,1,1,1,13:46,65
32,1,3,14,1,1,10,2,0,1,09:45,-2,-2,-2,7,2,2,23,8,8,1,14:04,19,0,0,10,0,0,11,0,0,1,18:34,32,0,11,12,0,5,4,0,4,1,20:46,38,15,11,13,5,5,1,0,4,1,13:14,29,26,-1,11,9,0,4,1,1,1,10:38,26,22,8,11,8,3,7,2,1,1,10:01,19,11,10,8,4,5,5,1,5,1,10:24,21,38,19,9,13,7,6,1,2,1,11:38,10,26,22,5,9,8,5,1,2,1,10:55,58
45,7,14,16,4,6,3,5,4,1,00:17,15,22,10,5,8,5,0,2,5,1,13:55,31,23,10,11,8,5,2,1,5,1,15:31,27,8,26,11,3,9,6,1,1,1,13:26,47,10,6,17,4,4,4,2,6,1,18:08,44,22,0,16,8,0,4,2,0,1,19:29,45,22,11,16,8,4,3,2,1,1,00:26,37,18,22,14,6,8,5,0,2,1,13:32,33,11,14,12,5,6,3,4,4,1,23:58,14,50,30,6,17,10,4,1,0,1,13:31,94
27,4,16,12,2,6,9,2,2,2,23:06,7,14,8,3,5,4,2,1,4,2,22:28,16,8,2,10,3,1,14,1,1,2,23:24,13,0,2,7,0,1,8,0,1,2,21:35,3,-2,2,6,2,3,15,8,7,2,21:31,5,0,0,3,0,0,4,0,0,2,20:23,?,?,?,?,?,?,?,?,?,?,?,7,0,6,5,0,2,8,0,0,2,22:06,?,?,?,?,?,?,?,?,?,?,?,12,22,9,4,8,3,0,2,0,2,23:50,43
?,?,?,?,?,?,?,?,?,?,?,?,?,?,?,?,?,?,?,?,?,?,?,?,?,?,?,?,?,?,?,?,?,16,-1,10,9,1,5,11,4,5,1,18:36,-1,2,18,6,3,7,19,7,3,1,20:16,15,18,15,6,7,5,3,3,0,1,17:32,20,30,15,7,10,5,1,0,0,1,18:16,17,6,14,7,3,6,4,3,4,1,16:04,18,16,22,8,6,8,6,2,2,1,20:33,22,25,30,8,9,10,2,2,0,1,16:51,77
?,?,?,?,?,?,?,?,?,?,?,?,?,?,?,?,?,?,?,?,?,?,?,?,?,?,?,?,?,?,?,?,?,28,5,12,10,2,4,2,1,0,1,14:16,37,15,1,13,5,1,2,0,2,1,14:47,?,?,?,?,?,?,?,?,?,?,?,26,12,1,9,5,1,1,3,2,1,07:41,18,8,4,6,3,2,0,1,2,1,07:58,17,26,9,6,9,4,1,1,3,1,19:56,8,41,27,4,14,9,4,1,0,1,16:17,76
32,-2,4,11,0,2,1,2,2,1,23:11,17,1,-2,7,2,1,4,5,5,1,19:42,?,?,?,?,?,?,?,?,?,?,?,?,?,?,?,?,?,?,?,?,?,?,5,9,0,3,4,0,4,3,0,1,23:28,?,?,?,?,?,?,?,?,?,?,?,?,?,?,?,?,?,?,?,?,?,?,9,3,1,4,1,1,3,0,2,1,16:05,2,5,0,2,3,0,4,4,0,1,19:06,-5,17,14,0,6,5,5,1,1,1,22:06,26
?,?,?,?,?,?,?,?,?,?,?,?,?,?,?,?,?,?,?,?,?,?,?,?,?,?,?,?,?,?,?,?,?,31,9,26,11,3,9,2,0,1,1,14:05,49,14,6,17,5,4,2,1,6,1,18:44,?,?,?,?,?,?,?,?,?,?,?,57,11,4,19,4,2,0,1,2,1,19:26,33,9,11,12,4,5,3,3,4,1,20:12,25,18,14,9,6,6,2,0,4,1,20:55,18,43,18,7,15,6,3,2,0,1,22:59,79
14,0,3,6,0,1,4,0,0,2,20:16,15,0,0,6,0,0,3,0,0,2,20:44,12,0,0,5,0,0,3,0,0,2,14:33,9,0,0,5,0,0,6,0,0,2,10:37,10,0,0,4,0,0,2,0,0,2,21:24,5,0,0,3,0,0,4,0,0,2,10:50,12,0,0,5,0,0,3,0,0,2,21:54,5,0,0,4,0,0,7,0,0,2,21:53,0,0,0,1,0,0,3,0,0,2,22:36,-1,12,5,0,4,2,1,0,1,2,14:13,16
33,2,2,12,2,1,3,4,1,1,16:47,?,?,?,?,?,?,?,?,?,1,07:43,?,?,?,?,?,?,?,?,?,?,?,?,?,?,?,?,?,?,?,?,?,?,?,?,?,?,?,?,?,?,?,?,?,?,?,?,?,?,?,?,?,?,?,?,17,26,0,8,9,1,7,1,3,1,20:45,?,?,?,?,?,?,?,?,?,?,?,23,0,2,8,0,3,1,0,7,1,13:38,-2,0,0,0,0,0,2,0,0,1,23:11,-2
45,4,3,17,3,1,6,5,0,1,13:20,21,0,0,9,0,0,6,0,0,1,09:27,42,8,9,16,3,4,6,1,3,1,13:03,38,0,15,14,0,6,4,0,3,1,22:43,32,14,22,11,5,8,1,1,2,1,03:03,46,12,11,16,5,4,2,3,1,1,12:49,38,19,7,15,7,3,7,2,2,1,16:29,22,18,22,10,7,8,8,3,2,1,16:39,21,45,14,9,15,6,6,0,4,1,15:13,22,37,23,8,14,8,2,5,1,1,23:06,82
79,17,15,27,6,5,2,1,0,1,22:13,49,-1,2,18,0,1,5,1,1,1,11:25,?,?,?,?,?,?,?,?,?,?,?,?,?,?,?,?,?,?,?,?,?,?,?,?,?,?,?,?,?,?,?,?,?,?,?,?,?,?,?,?,?,?,?,?,?,?,?,?,?,?,?,?,?,?,?,?,?,?,?,?,?,?,?,?,?,?,29,35,10,11,12,5,4,1,5,1,15:54,22,52,26,8,18,9,2,2,1,1,14:51,100
35,0,5,14,0,2,7,0,1,1,19:56,?,?,?,?,?,?,?,?,?,?,?,?,?,?,?,?,?,?,?,?,?,?,?,?,?,?,?,?,?,?,?,?,?,?,?,?,?,?,?,?,?,?,1,16:30,5,0,0,2,0,0,1,0,0,1,13:18,?,?,?,?,?,?,?,?,?,?,?,5,0,0,2,0,0,1,0,0,1,18:08,14,6,6,5,2,2,1,0,0,1,16:12,15,24,26,6,9,9,3,3,1,1,07:41,65
29,3,4,10,1,2,1,0,2,1,17:30,6,0,0,4,0,1,6,0,3,1,18:40,?,?,?,?,?,?,?,?,?,?,?,42,0,3,14,0,1,0,0,0,1,16:49,43,0,3,15,0,1,2,0,0,1,10:10,25,12,0,9,4,0,2,0,0,1,16:45,25,20,2,10,7,1,5,1,1,1,14:19,13,12,9,6,4,3,5,0,0,1,15:38,?,?,?,?,?,?,?,?,?,?,?,9,13,27,4,5,9,3,2,0,1,10:39,49
66,2,2,24,3,3,6,7,7,1,21:34,?,?,?,?,?,?,?,?,?,?,?,68,2,5,24,1,2,4,1,1,1,13:23,37,11,10,13,4,4,2,1,2,1,10:23,45,22,4,17,8,2,6,2,2,1,14:12,44,19,11,17,7,4,7,2,1,1,11:26,?,?,?,?,?,?,?,?,?,?,?,40,30,19,14,10,7,2,0,2,1,21:42,33,29,2,12,11,3,3,4,7,1,13:20,9,44,22,4,16,8,3,4,2,1,23:38,75
?,?,?,?,?,?,?,?,?,?,?,25,19,0,9,7,0,2,2,0,1,14:51,46,11,-2,16,4,1,2,1,5,1,22:39,46,8,6,16,3,2,2,1,0,1,21:43,60,11,4,21,4,2,3,1,2,1,16:43,44,14,5,16,6,2,4,4,1,1,22:50,51,26,12,18,9,4,3,1,0,1,20:32,33,23,7,12,8,4,3,1,5,1,10:58,25,31,6,10,11,3,5,2,3,1,20:52,12,57,27,5,19,9,3,0,0,1,05:46,96
?,?,?,?,?,?,?,?,?,?,?,?,?,?,?,?,?,?,?,?,?,?,?,?,?,?,?,?,?,?,?,?,?,40,9,14,15,3,6,5,0,4,1,15:30,52,10,-2,18,4,2,2,2,8,1,11:32,63,6,7,22,4,3,3,6,2,1,01:26,53,22,8,19,8,3,4,2,1,1,21:34,32,10,-6,13,5,1,7,5,9,1,22:41,33,37,11,12,13,5,3,2,4,1,11:02,14,56,26,6,19,9,4,1,1,1,23:56,96
27,-2,3,14,0,1,15,2,0,1,17:21,2,-2,-6,8,2,1,22,8,9,1,20:16,30,2,2,15,3,3,15,7,7,1,18:36,8,-1,1,7,1,1,13,4,2,1,11:26,?,?,?,?,?,?,?,?,?,1,18:47,19,6,-5,11,4,0,14,6,5,1,19:50,25,15,3,12,6,2,11,3,3,1,17:13,29,8,-2,11,4,2,4,4,8,1,10:34,15,-5,12,7,0,5,6,5,3,1,11:08,7,20,18,4,8,7,5,4,3,1,18:36,45
50,0,3,18,0,1,4,0,0,1,21:01,33,2,5,13,1,3,6,1,4,1,21:56,12,0,0,5,0,0,3,0,0,1,10:59,17,-5,6,9,0,4,10,5,6,1,10:02,60,10,0,21,4,1,3,2,3,1,09:05,30,-1,-2,13,0,0,9,1,2,1,10:06,48,6,0,18,3,0,6,3,0,1,10:25,16,-1,8,8,1,4,8,4,4,1,10:16,21,21,0,9,8,0,6,3,0,1,18:32,19,54,11,7,18,4,2,0,1,1,10:31,84
46,8,10,17,4,4,5,4,2,1,22:14,?,?,?,?,?,?,?,?,?,?,?,34,-1,-2,14,0,0,8,1,2,1,18:29,29,3,5,11,1,3,4,0,4,2,21:33,54,14,2,19,5,2,3,1,4,2,20:44,32,12,-2,13,5,0,7,3,2,2,20:01,30,8,7,13,4,3,9,4,2,1,19:59,?,?,?,?,?,?,?,?,?,?,?,?,?,?,?,?,?,?,?,?,?,?,18,22,18,7,10,7,3,8,3,1,19:18,58
36,0,5,15,1,3,9,3,4,1,22:59,19,20,-2,8,7,1,5,1,5,1,22:13,11,4,1,5,2,2,4,2,5,2,23:18,1,0,6,2,0,2,5,0,0,1,16:32,8,3,2,5,2,1,7,3,1,1,12:13,25,6,3,9,3,2,2,3,3,1,13:48,23,3,5,9,2,2,4,3,1,1,23:05,7,15,2,4,5,2,5,0,4,1,20:32,10,8,6,5,3,3,5,1,3,1,13:41,8,19,13,4,7,5,4,2,2,1,17:35,40
44,9,5,16,4,3,4,3,4,2,12:24,14,20,10,7,7,4,7,1,2,1,11:39,33,2,6,13,3,4,6,7,6,1,14:16,23,2,14,9,1,6,4,1,4,1,14:33,33,3,6,13,2,3,6,3,3,1,14:55,41,19,2,15,7,1,4,2,1,1,14:00,49,22,7,17,8,3,2,2,2,1,16:02,20,21,14,8,7,6,4,0,4,1,14:50,12,22,3,6,9,3,6,5,6,1,17:24,10,32,14,5,12,6,5,4,4,1,14:25,56
-15,-4,3,2,0,1,21,4,0,2,22:04,-8,1,3,5,2,3,23,5,6,2,21:54,11,0,-1,7,1,0,10,3,1,2,21:13,11,1,6,6,1,3,7,2,3,2,14:22,-4,3,6,3,1,3,13,0,3,2,11:03,?,?,?,?,?,?,?,?,?,?,?,16,15,7,7,5,3,5,0,2,2,20:32,?,?,?,?,?,?,?,?,?,?,?,1,5,5,2,3,2,5,4,1,2,22:37,19,13,15,7,6,6,2,5,3,2,21:52,47
12,5,-2,9,3,1,15,4,5,1,23:03,?,?,?,?,?,?,?,?,?,?,?,?,?,?,?,?,?,?,?,?,?,?,17,1,0,7,1,0,4,2,0,1,20:58,0,0,0,0,0,0,0,0,0,1,23:24,?,?,?,?,?,?,?,?,?,?,?,20,0,0,8,0,0,4,0,0,1,13:54,?,?,?,?,?,?,?,?,?,?,?,?,?,?,?,?,?,?,?,?,?,?,14,13,9,5,5,3,1,2,0,1,21:41,36
7,0,22,4,2,8,5,6,2,2,09:56,?,?,?,?,?,?,?,?,?,?,?,8,7,7,5,4,4,7,5,5,2,10:53,25,-2,18,10,0,7,5,2,3,2,18:07,5,8,7,4,4,4,7,4,5,2,08:31,16,14,7,7,6,3,5,4,2,2,22:38,14,8,0,8,3,1,10,1,3,2,21:53,0,0,0,0,0,0,0,0,0,2,22:42,-2,13,3,2,6,3,8,5,6,2,22:32,14,25,30,6,10,10,4,5,0,2,09:44,69
1,13,14,7,5,6,20,2,4,1,21:21,-4,4,-6,5,3,1,19,5,9,1,14:10,-1,2,-2,7,3,2,22,7,8,2,21:05,-4,1,9,2,1,4,10,2,3,2,21:30,-8,-4,3,3,0,3,17,4,6,2,22:21,4,2,0,6,3,1,14,7,3,2,21:10,0,3,7,2,3,3,6,6,2,2,00:05,5,-5,2,2,0,3,1,5,7,2,00:20,0,5,6,1,3,4,3,4,6,2,23:49,10,13,9,5,5,4,5,2,3,2,23:27,32
6,2,10,3,2,4,3,4,2,2,21:17,16,6,6,9,2,4,11,0,6,1,17:26,20,22,14,9,8,6,7,2,4,1,22:14,26,8,18,9,3,7,1,1,3,1,12:10,22,9,18,8,3,7,2,0,3,1,17:22,?,?,?,?,?,?,?,?,?,?,?,18,22,11,7,8,4,3,2,1,1,22:43,?,?,?,?,?,?,?,?,?,?,?,27,37,10,10,13,5,3,2,5,1,13:45,19,35,22,7,12,8,2,1,2,1,22:07,76
13,4,1,7,2,1,8,2,2,2,21:07,9,1,-2,6,1,1,9,2,5,2,22:11,18,2,1,10,1,1,12,1,2,2,23:33,13,-1,2,6,0,1,5,1,1,2,21:40,23,6,2,12,4,3,13,6,7,2,22:56,75,30,15,25,10,5,0,0,0,2,01:48,34,11,3,14,4,1,8,1,0,2,20:28,24,2,5,9,1,2,3,1,1,2,01:37,1,13,-10,4,7,0,11,8,10,2,23:22,12,19,9,4,7,3,0,2,0,2,23:11,40
23,1,3,10,1,1,7,2,0,1,22:46,24,0,2,10,0,1,6,0,1,1,21:25,?,?,?,?,?,?,?,?,?,?,?,?,?,?,?,?,?,?,?,?,?,?,?,?,?,?,?,?,?,?,?,?,?,?,?,?,?,?,?,?,?,?,?,?,32,11,-1,12,4,1,4,1,4,1,22:55,6,7,3,4,3,3,6,2,6,1,19:25,30,21,10,10,7,4,0,0,2,1,09:37,26,34,8,9,12,3,1,2,1,1,12:22,68
44,2,12,17,2,5,7,4,3,1,18:14,20,3,0,10,1,0,10,0,0,1,16:13,46,11,5,17,5,2,5,4,1,1,08:22,26,0,0,10,0,0,4,0,0,1,13:23,32,0,0,11,0,0,1,0,0,1,09:42,51,9,4,18,4,2,3,3,2,1,18:00,43,15,5,16,6,2,5,3,1,1,10:55,27,26,15,11,9,6,6,1,3,1,15:06,30,30,8,11,11,3,3,3,1,1,09:55,13,43,30,5,15,10,2,2,0,1,11:26,86
22,0,1,11,1,1,11,3,2,2,08:32,0,0,0,0,0,0,0,0,0,2,08:32,4,0,1,2,0,1,2,0,2,2,12:10,17,6,0,7,2,0,4,0,0,2,21:25,40,0,0,15,0,0,5,0,0,2,11:04,31,0,0,12,0,0,5,0,0,2,14:43,30,27,4,11,9,2,3,0,2,2,09:56,?,?,?,?,?,?,?,?,?,2,22:59,?,?,?,?,?,?,?,?,?,?,?,6,3,0,2,1,0,0,0,0,2,16:12,9
?,?,?,?,?,?,?,?,?,?,?,?,?,?,?,?,?,?,?,?,?,?,45,4,0,16,2,0,3,2,0,1,21:39,36,1,6,13,1,2,3,2,0,1,10:58,6,0,0,2,0,0,0,0,0,2,22:21,3,0,0,1,0,0,0,0,0,1,13:25,63,22,11,22,8,4,3,2,1,1,18:12,31,27,20,12,9,7,5,0,1,1,21:53,20,31,12,8,11,4,4,2,0,1,22:06,27,29,15,9,10,6,0,1,3,1,16:06,71
?,?,?,?,?,?,?,?,?,?,?,7,0,0,4,0,0,5,0,0,1,18:07,42,2,6,18,3,4,12,7,6,1,12:59,16,3,2,9,2,3,11,3,7,1,20:36,27,6,-2,13,4,2,12,6,8,1,18:44,7,0,0,5,0,0,8,0,0,1,19:18,30,18,1,12,6,1,6,0,2,1,18:57,0,0,0,0,0,0,0,0,0,1,20:08,?,?,?,?,?,?,?,?,?,?,?,18,21,22,7,8,8,3,3,2,1,20:49,61
?,?,?,?,?,?,?,?,?,?,?,?,?,?,?,?,?,?,?,?,?,?,?,?,?,?,?,?,?,?,?,?,?,?,?,?,?,?,?,?,?,?,?,?,?,?,?,?,?,?,?,?,?,?,?,?,?,?,?,?,?,?,?,?,?,?,34,11,8,13,5,3,5,4,1,1,19:04,2,19,11,2,7,5,4,2,4,1,21:43,27,31,9,10,11,4,3,2,3,1,21:51,4,45,26,3,16,9,5,3,1,1,18:32,75
?,?,?,?,?,?,?,?,?,?,?,?,?,?,?,?,?,?,?,?,?,?,?,?,?,?,?,?,?,?,?,?,?,?,?,?,?,?,?,?,?,?,?,?,27,18,22,10,6,8,3,0,2,1,18:45,26,26,9,9,9,3,1,1,0,1,18:16,27,18,11,11,6,4,6,0,1,1,18:27,29,10,16,10,5,6,1,5,2,1,14:39,16,14,10,6,6,4,2,4,2,1,19:40,2,17,3,3,7,3,7,4,6,1,16:27,22
35,-1,2,13,0,1,4,1,1,1,21:48,22,0,0,8,0,0,2,0,0,1,18:46,38,0,3,14,0,1,4,0,0,1,21:24,24,5,5,10,2,3,6,1,4,1,17:48,51,3,15,17,1,5,0,0,0,1,16:14,47,5,8,16,3,3,1,4,1,1,17:45,?,?,?,?,?,?,?,?,?,?,?,?,?,?,?,?,?,?,?,?,?,?,13,5,3,7,2,1,8,1,0,1,10:44,11,35,17,4,13,6,1,4,1,1,22:23,63
69,5,12,24,3,5,3,4,3,1,19:30,41,27,5,15,9,3,4,0,4,1,22:18,?,?,?,?,?,?,?,?,?,?,?,?,?,?,?,?,?,?,?,?,?,?,?,?,?,?,?,?,?,?,?,?,?,?,?,?,?,?,?,?,?,?,?,?,?,?,?,?,?,?,?,?,?,?,?,40,14,-2,15,6,2,5,4,8,1,23:18,?,?,?,?,?,?,?,?,?,?,?,10,51,27,4,17,9,2,0,0,1,14:54,88
?,?,?,?,?,?,?,?,?,?,?,?,?,?,?,?,?,?,?,?,?,?,?,?,?,?,?,?,?,?,?,?,?,?,?,?,?,?,?,?,?,?,?,?,3,6,6,4,3,3,9,3,3,2,17:16,11,11,0,6,5,1,7,4,3,2,16:46,38,13,4,14,5,2,4,2,2,1,12:21,19,5,18,8,3,7,5,4,3,2,19:00,1,26,10,3,10,5,8,4,5,2,19:06,19,21,7,7,9,3,2,6,2,2,18:37,47
?,?,?,?,?,?,?,?,?,?,?,?,?,?,?,?,?,?,?,?,?,?,?,?,?,?,?,?,?,?,?,?,?,?,?,?,?,?,?,?,?,?,?,?,27,2,-3,10,1,0,3,1,3,1,10:39,3,-5,-1,2,0,0,3,5,1,1,20:15,?,?,?,?,?,?,?,?,?,?,?,0,0,0,0,0,0,0,0,0,1,23:04,11,6,0,4,3,1,1,3,3,1,21:11,4,17,7,3,7,3,5,4,2,1,20:37,28
50,10,9,18,4,4,4,2,3,1,15:48,?,?,?,?,?,?,?,?,?,?,?,32,0,0,13,0,1,7,0,3,1,11:59,22,7,3,9,3,2,5,2,3,1,16:17,48,15,8,17,5,3,3,0,1,1,10:41,29,10,3,11,4,1,4,2,0,1,22:18,37,27,8,14,9,3,5,0,1,1,14:30,?,?,?,?,?,?,?,?,?,?,?,27,10,5,10,5,3,3,5,4,1,20:30,15,35,18,6,13,7,3,4,3,1,21:04,68
?,?,?,?,?,?,?,?,?,?,?,?,?,?,?,?,?,?,?,?,?,?,?,?,?,?,?,?,?,?,?,?,?,28,0,5,10,0,3,2,0,4,2,20:37,47,0,6,16,0,2,1,0,0,1,15:43,22,14,0,9,5,0,5,1,0,1,11:59,24,8,0,9,3,0,3,1,0,1,19:48,?,?,?,?,?,?,?,?,?,?,?,?,?,?,?,?,?,?,?,?,?,?,11,31,3,4,11,1,1,2,0,1,13:38,45
51,5,3,18,3,1,3,4,0,1,18:11,32,16,0,12,6,0,4,2,0,1,01:18,44,11,3,16,4,1,4,1,0,1,13:29,36,11,2,13,4,1,3,1,1,1,15:03,?,?,?,?,?,?,?,?,?,?,?,53,2,7,19,1,3,4,1,2,1,16:58,44,16,3,16,6,1,4,2,0,1,14:03,?,?,?,?,?,?,?,?,?,?,?,?,?,?,?,?,?,?,?,?,?,?,15,40,23,6,15,8,3,5,1,1,21:42,78
?,?,?,?,?,?,?,?,?,2,17:35,15,0,5,8,0,2,9,0,1,2,17:21,56,4,5,19,2,2,1,2,1,2,15:07,47,0,8,16,0,3,1,0,1,2,10:57,?,?,?,?,?,?,?,?,?,?,?,15,0,0,6,0,0,3,0,0,2,18:30,40,14,5,15,5,2,5,1,1,2,11:58,?,?,?,?,?,?,?,?,?,?,?,?,?,?,?,?,?,?,?,?,?,?,8,6,0,3,2,0,1,0,0,2,11:42,14
33,-2,6,13,0,2,6,2,0,1,14:48,?,?,?,?,?,?,?,?,?,?,?,?,?,?,?,?,?,?,?,?,?,?,?,?,?,?,?,?,?,?,?,?,?,27,7,-2,10,3,0,3,2,2,1,13:47,39,2,3,13,1,1,0,1,0,1,18:42,42,19,-1,15,7,0,3,2,1,1,16:19,13,17,-2,5,6,2,2,1,8,1,17:24,20,16,-1,8,6,1,4,2,4,1,18:40,4,19,14,2,7,5,2,2,1,1,21:06,37
2,2,14,8,3,6,22,7,4,1,18:28,-6,22,-6,6,8,1,24,2,9,1,18:43,-6,-2,2,6,2,3,24,8,7,1,10:44,16,7,10,9,3,5,11,2,5,1,16:48,7,2,-2,8,3,2,17,7,8,1,16:56,-9,10,3,4,5,2,21,5,3,1,13:54,-1,2,11,6,3,4,19,7,1,1,19:42,16,14,-2,9,6,2,11,4,8,1,19:52,-3,1,-2,3,4,2,12,11,8,1,19:55,14,0,10,6,5,5,4,15,5,1,17:09,24
26,-2,6,13,1,4,13,5,6,1,20:01,14,-10,-6,10,0,1,16,10,9,1,19:06,24,-2,0,12,0,2,12,2,6,2,12:39,24,-2,5,10,0,3,6,2,4,1,14:23,25,1,3,11,1,2,8,2,3,1,10:47,37,11,6,14,4,2,5,1,0,1,13:04,32,18,8,13,7,3,7,3,1,1,21:39,8,4,0,6,2,2,10,2,6,1,09:21,13,9,7,7,4,3,8,3,2,1,13:51,12,32,17,5,12,6,3,4,1,1,09:46,61
?,?,?,?,?,?,?,?,?,?,?,58,-1,-2,21,0,0,5,1,2,1,18:09,62,0,0,22,1,0,4,3,0,1,16:17,41,5,22,15,2,8,4,1,2,1,22:17,54,15,10,19,5,5,3,0,5,1,10:48,51,15,15,18,6,5,3,3,0,1,10:20,63,30,11,22,10,4,3,0,1,1,14:22,34,6,14,13,4,6,5,6,4,1,00:15,?,?,?,?,?,?,?,?,?,2,13:36,30,48,22,10,17,8,0,3,2,1,14:10,100
-14,2,2,4,3,3,26,7,7,1,18:51,?,?,?,?,?,?,?,?,?,?,?,?,?,?,?,?,?,?,?,?,?,?,?,?,?,?,?,?,?,?,?,?,?,?,?,?,?,?,?,?,?,?,?,?,?,?,?,?,?,?,?,?,?,?,?,25,4,-1,9,2,1,2,2,4,1,22:24,12,5,-2,6,3,2,6,4,8,1,10:07,4,20,8,3,7,4,5,1,4,1,10:02,2,8,9,2,4,3,4,4,0,1,12:49,19
18,10,2,12,5,3,18,5,7,1,16:32,?,?,?,?,?,?,?,?,?,?,?,?,?,?,?,?,?,?,?,?,?,?,?,?,?,?,?,?,?,?,?,?,?,?,?,?,?,?,?,?,?,?,?,?,27,10,3,13,5,2,12,5,3,1,09:24,3,14,7,7,6,3,18,4,2,1,21:01,12,10,6,8,5,4,12,5,6,1,11:55,13,25,10,7,10,5,8,5,5,1,17:55,6,8,22,4,7,8,6,13,2,1,12:00,36
39,-4,7,15,0,3,6,4,2,2,22:42,39,0,0,14,0,0,3,0,0,2,23:42,25,0,0,9,0,0,2,0,0,2,09:13,26,0,13,10,0,5,4,0,2,2,01:38,41,15,13,15,5,5,4,0,2,2,23:37,43,16,-3,15,6,0,2,2,3,2,22:11,41,18,7,16,7,3,7,3,2,2,20:37,?,?,?,?,?,?,?,?,?,?,?,?,?,?,?,?,?,?,?,?,?,?,5,44,20,3,15,7,4,1,1,2,21:46,69
?,?,?,?,?,?,?,?,?,?,?,?,?,?,?,?,?,?,?,?,?,?,45,-1,0,16,0,0,3,1,0,1,19:10,?,?,?,?,?,?,?,?,?,?,?,?,?,?,?,?,?,?,?,?,?,?,?,?,?,?,?,?,?,?,?,?,?,36,27,6,13,9,2,3,0,0,1,17:34,?,?,?,?,?,?,?,?,?,?,?,0,0,0,0,0,0,0,0,0,1,14:13,11,34,26,4,12,9,1,2,1,1,19:32,71
?,?,?,?,?,?,?,?,?,?,?,?,?,?,?,?,?,?,?,?,?,?,?,?,?,?,?,?,?,?,?,?,?,?,?,?,?,?,?,?,?,?,?,?,36,9,8,13,3,3,3,0,1,1,16:25,0,0,0,0,0,0,0,0,0,2,21:32,32,20,-4,11,7,0,1,1,4,1,21:40,15,2,11,7,2,5,6,4,4,1,21:54,16,32,3,6,11,2,2,1,3,1,14:40,9,31,15,4,11,6,3,2,3,1,22:41,55
52,5,3,18,2,1,2,1,0,1,10:56,27,0,0,10,0,0,3,0,0,1,09:36,11,3,0,5,1,0,4,0,0,1,08:26,29,9,3,10,3,1,1,0,0,1,18:30,40,12,10,14,4,4,2,0,2,1,10:19,40,7,8,14,3,3,2,2,1,1,18:48,45,15,6,16,5,2,3,0,0,1,17:42,24,12,9,9,4,4,3,0,3,1,18:18,24,34,5,9,12,3,3,2,4,1,11:10,9,32,30,4,12,10,3,4,0,1,17:59,71
17,10,10,6,5,5,1,5,5,1,17:20,3,19,14,2,7,6,3,2,4,1,17:01,?,?,?,?,?,?,?,?,?,?,?,?,?,?,?,?,?,?,?,?,?,?,?,?,?,?,?,?,?,?,?,?,?,?,?,?,?,?,?,?,?,?,?,?,?,?,?,?,?,?,?,?,?,?,?,12,11,22,5,4,8,3,1,2,1,19:53,?,?,?,?,?,?,?,?,?,?,?,14,26,14,6,9,5,4,1,1,1,23:04,54
?,?,?,?,?,?,?,?,?,?,?,?,?,?,?,?,?,?,?,?,?,?,?,?,?,?,?,?,?,?,?,?,?,?,?,?,?,?,?,?,?,?,?,?,12,18,4,5,6,3,3,0,5,1,16:04,?,?,?,?,?,?,?,?,?,?,?,28,18,8,10,6,3,2,0,1,2,22:59,20,14,26,7,5,9,1,1,1,2,16:14,2,29,4,1,10,3,1,1,5,2,16:25,15,29,22,6,11,8,3,4,2,2,15:46,66
47,8,5,18,4,3,7,4,4,2,13:13,36,0,0,15,0,0,9,0,0,2,14:13,47,-1,0,18,0,0,7,1,0,2,01:27,38,11,7,14,4,3,4,1,2,2,20:12,?,?,?,?,?,?,?,?,?,?,?,?,?,?,?,?,?,?,?,?,?,?,?,?,?,?,?,?,?,?,?,?,?,29,15,8,12,5,4,7,0,4,2,11:11,31,33,3,11,12,2,2,3,3,2,16:29,12,45,30,5,16,10,3,3,0,2,20:28,87
?,?,?,?,?,?,?,?,?,?,?,?,?,?,?,?,?,?,?,?,?,?,?,?,?,?,?,?,?,?,?,?,?,?,?,?,?,?,?,?,?,?,?,?,?,?,?,?,?,?,?,?,?,?,?,13,6,7,9,4,3,14,6,2,1,10:00,31,7,7,13,4,3,8,5,2,1,19:12,25,8,10,10,4,5,5,4,5,2,17:18,8,1,18,5,4,7,7,11,3,1,19:37,22,18,27,8,8,9,2,6,0,1,18:25,67
19,11,26,10,5,9,11,4,1,2,11:21,8,23,6,4,8,4,4,1,6,2,20:56,18,8,16,7,3,6,3,1,2,2,13:32,29,4,11,11,2,5,4,2,4,2,12:32,35,5,7,13,2,4,4,1,5,2,23:04,35,10,8,13,5,3,4,5,1,2,22:06,34,26,7,13,9,3,5,1,2,2,12:52,28,20,18,11,7,7,5,1,3,2,12:32,25,32,16,9,11,6,2,1,2,2,15:46,14,12,0,6,4,0,4,0,0,2,18:36,26
49,0,3,17,0,1,2,0,0,1,14:24,15,0,4,8,0,2,9,0,2,1,18:46,61,0,0,21,0,0,2,0,0,1,22:50,33,0,0,12,0,0,3,0,0,1,11:07,44,0,0,17,0,0,7,0,0,1,21:26,31,0,0,12,0,0,5,0,0,1,15:14,62,3,0,21,1,0,1,0,0,1,10:05,37,0,16,13,0,6,2,0,2,1,13:21,26,19,19,10,7,7,4,2,2,1,10:36,30,56,27,10,19,9,0,1,0,1,18:27,113
?,?,?,?,?,?,?,?,?,?,?,?,?,?,?,?,?,?,?,?,?,?,?,?,?,?,?,?,?,?,?,?,?,?,?,?,?,?,?,?,?,?,?,?,?,?,?,?,?,?,?,?,?,?,?,24,26,2,10,9,1,6,1,1,1,22:25,47,26,11,17,9,4,4,1,1,1,15:24,19,6,26,8,2,9,5,0,1,1,14:22,?,?,?,?,?,?,?,?,?,?,?,10,32,27,5,11,9,5,1,0,1,23:56,69
14,6,10,11,4,5,19,6,5,2,09:18,?,?,?,?,?,?,?,?,?,?,?,?,?,?,?,?,?,?,?,?,?,?,?,?,?,?,?,?,?,?,?,?,?,?,?,?,?,?,?,?,?,?,?,?,7,6,3,8,4,2,17,6,3,2,21:15,11,6,3,9,4,2,16,6,3,2,23:19,8,18,6,7,7,4,13,3,6,2,23:15,5,1,6,5,4,4,10,11,6,2,20:27,10,20,14,5,10,6,5,10,4,2,23:43,44
24,5,6,9,2,2,3,1,0,1,22:10,25,-1,0,9,0,0,2,1,0,1,21:56,26,-1,0,11,0,0,7,1,0,1,23:37,14,8,2,6,3,1,4,1,1,1,21:53,33,7,2,12,3,1,3,2,1,1,22:45,?,?,?,?,?,?,?,?,?,?,?,?,?,?,?,?,?,?,?,?,?,?,?,?,?,?,?,?,?,?,?,?,?,?,?,?,?,?,?,?,?,?,?,?,3,0,0,1,0,0,0,0,0,1,22:58,3
?,?,?,?,?,?,?,?,?,?,?,7,6,-3,4,3,1,5,3,6,2,18:37,33,5,0,11,2,0,0,1,0,2,11:46,32,15,0,11,5,0,1,0,0,2,12:41,48,12,3,16,4,1,0,0,0,2,10:21,26,6,0,9,2,0,1,0,0,2,15:01,28,30,3,10,10,1,2,0,0,2,10:09,29,0,16,10,0,6,1,0,2,2,11:07,21,16,15,7,6,5,0,2,0,2,18:05,11,25,3,4,9,1,1,2,0,2,21:47,39
?,?,?,?,?,?,?,?,?,?,?,?,?,?,?,?,?,?,?,?,?,?,?,?,?,?,?,?,?,?,?,?,?,16,9,19,7,3,7,5,0,2,1,10:23,20,-2,2,8,0,2,4,2,4,1,10:48,13,20,11,5,7,4,2,1,1,1,21:53,42,15,4,14,5,2,0,0,2,1,11:06,16,26,15,6,9,6,2,1,3,1,18:44,31,14,24,11,5,8,2,1,0,1,18:31,8,32,9,4,11,4,4,1,3,1,18:37,49
?,?,?,?,?,?,?,?,?,2,11:06,?,?,?,?,?,?,?,?,?,?,?,?,?,?,?,?,?,?,?,?,?,?,?,?,?,?,?,?,?,?,?,?,?,?,?,?,?,?,?,?,?,?,?,?,?,?,?,?,?,?,?,?,?,?,?,39,14,7,15,5,3,6,1,2,1,22:32,39,24,16,14,8,6,3,0,2,1,11:44,30,30,18,11,11,7,3,3,3,2,17:18,11,52,30,5,18,10,4,2,0,1,09:28,93
8,0,3,3,0,1,1,0,0,1,19:14,26,3,0,11,1,0,7,0,0,1,10:13,0,0,0,0,0,0,0,0,0,2,16:25,30,0,13,11,0,5,3,0,2,2,15:13,44,0,0,16,0,1,4,0,3,2,10:17,36,19,9,13,7,3,3,2,0,1,18:23,49,6,1,17,3,1,2,3,2,1,17:01,18,23,15,8,8,6,6,1,3,1,19:00,28,30,23,10,11,8,2,3,1,1,08:46,22,35,27,8,13,9,2,4,0,1,08:06,84
?,?,?,?,?,?,?,?,?,?,?,?,?,?,?,?,?,?,?,?,?,?,10,0,0,5,0,0,5,0,0,1,11:09,?,?,?,?,?,?,?,?,?,?,?,?,?,?,?,?,?,?,?,?,?,?,?,?,?,?,?,?,?,?,?,?,?,19,22,4,7,8,2,2,2,2,1,18:35,16,0,0,6,0,0,2,0,0,1,19:13,14,24,9,6,8,4,4,0,3,1,12:12,11,18,7,5,7,3,4,3,2,1,22:12,36
37,18,14,16,7,6,11,3,4,2,00:39,13,19,11,7,7,5,8,2,4,2,10:56,36,16,6,14,6,4,6,2,6,2,10:53,12,7,11,7,3,5,9,2,4,2,23:35,39,8,6,14,4,4,3,4,6,2,23:04,46,14,7,16,6,3,2,4,2,2,18:36,34,22,15,13,8,5,5,2,0,2,10:39,?,?,?,?,?,?,?,?,?,?,?,29,37,18,11,13,7,4,2,3,2,22:35,-2,48,18,2,17,7,8,3,3,2,11:24,64
